model,Recall@5,Recall@10,Recall@50,NDCG@5,NDCG@10,NDCG@50,MRR@5,MRR@10,MRR@50
CTR_s_synth_dense,0.03339997899857055,0.04723395084310577,0.10702696152103121,0.026949273439036598,0.03127687073985053,0.0457687564532618,0.030477308294209703,0.033221085773902675,0.03685980474769032
ENS_BPR__CTR_l_synth_aspect_rrf_k120,0.025677505579284676,0.046853972942742406,0.046853972942742406,0.017849543279316014,0.02547467714334171,0.025406031640412347,0.01827073552425665,0.02230605857366421,0.02230605857366421
ENS_BPR__CTR_l_synth_aspect_rrf_k60,0.025677505579284676,0.046853972942742406,0.046853972942742406,0.017695869859631206,0.025321003723656903,0.025252358220727536,0.018075117370892017,0.02211044042029957,0.02211044042029957
ENS_BPR__CTR_l_synth_aspect_rrf_k90,0.025677505579284676,0.046853972942742406,0.046853972942742406,0.017695869859631206,0.025321003723656903,0.025252358220727536,0.018075117370892017,0.02211044042029957,0.02211044042029957
ENS_BPR__CTR_s_synth_dense_wBorda_0.1_0.9,0.03222627007838275,0.046843603709800896,0.046843603709800896,0.026495220848385726,0.031039096334621173,0.031024154389335475,0.030242566510172143,0.03319500335345406,0.03319500335345406
ENS_BPR__CTR_l_synth_dense_wBorda_0.1_0.9,0.03202599434993801,0.04682759635965715,0.04682759635965715,0.026663046847367766,0.03147506995804819,0.03143696310579397,0.031161971830985916,0.034181943512929434,0.034181943512929434
ENS_BPR__CTR_m_synth_aspect_rrf_k120,0.028771704299873312,0.04672356084049931,0.04672356084049931,0.018280313225601422,0.024815447752409067,0.024755545589365956,0.01699921752738654,0.020546426708398537,0.020546426708398537
ENS_BPR__CTR_m_synth_aspect_rrf_k60,0.028771704299873312,0.04672356084049931,0.04672356084049931,0.018054524139303366,0.02458965866611101,0.0245297565030679,0.016607981220657275,0.020155190401669278,0.020155190401669278
ENS_BPR__CTR_m_synth_aspect_rrf_k90,0.028771704299873312,0.04672356084049931,0.04672356084049931,0.018126639805916615,0.024661774332724255,0.024601872169681144,0.01680359937402191,0.020350808555033906,0.020350808555033906
ENS_BPR__CTR_m_synth_aspect_rrf_k30,0.02833156345480289,0.04672356084049931,0.04672356084049931,0.018627365088102057,0.025440058475123716,0.025380156312080605,0.017683881064162753,0.021497969297265076,0.021497969297265076
ENS_BPR__CTR_meta_human_rrf_k10,0.030981723675385642,0.04669015555320226,0.04669015555320226,0.021865365125051515,0.02733433887104327,0.027308438670697537,0.023532863849765256,0.026567739771965124,0.026567739771965124
CTR_all_reviews_text,0.030406513152992025,0.04666149252416858,0.1208286245026423,0.024725908759950194,0.02974089547459703,0.04774803510167657,0.028834115805946792,0.03194351292942842,0.036754526532306764
ENS_BPR__CTR_meta_only_wBorda_0.1_0.9,0.03263270478800501,0.04661427942098809,0.04661427942098809,0.02762927150198135,0.03170391097907494,0.03156677443480286,0.03204225352112676,0.03469520828675758,0.03469520828675758
CTR_meta_only,0.03263270478800501,0.04651647034430578,0.12232273893226452,0.02762927150198135,0.03166197432752975,0.04986321215894957,0.03204225352112676,0.034615097995379686,0.039339352522903284
ENS_BPR__CTR_meta_human_borda,0.026972777209063346,0.046368782872674645,0.046368782872674645,0.018979065314516045,0.025194104736711125,0.025160820461535872,0.021830985915492956,0.02479273790893509,0.02479273790893509
ENS_BPR__CTR_meta_human_wBorda_0.5_0.5,0.026972777209063346,0.046368782872674645,0.046368782872674645,0.018979065314516045,0.025194104736711125,0.025160820461535872,0.021830985915492956,0.02479273790893509,0.02479273790893509
CTR_l_synth_aspect,0.030735208700368076,0.046250988564739484,0.12168935106296115,0.025522348184950715,0.030273176779490218,0.048252674172980056,0.028638497652582157,0.031821950219837546,0.036407746765763284
ENS_BPR__CTR_s_synth_dense_wBorda_0.3_0.7,0.03461141427690723,0.046085644649395574,0.046085644649395574,0.02677510236059115,0.030183234862948,0.030142392717316568,0.0301056338028169,0.0325336276920784,0.0325336276920784
ENS_BPR__CTR_s_synth_aspect_wBorda_0.1_0.9,0.03091405958344431,0.04590167043373123,0.04590167043373123,0.02597998056196629,0.030482224525642154,0.030381243977164754,0.02981220657276995,0.03275858856844772,0.03275858856844772
CTR_m_synth_aspect,0.03204864487295918,0.045596599265984,0.11307642951453181,0.027331025248061143,0.03141163065270361,0.04767306483035212,0.032511737089201874,0.03488104553245398,0.0389191656224462
CTR_l_synth_dense,0.03202599434993801,0.044952922389912754,0.10563079210688552,0.026663046847367766,0.030950410856179052,0.04594925940517556,0.031161971830985916,0.034053394440718386,0.037831007450828326
ENS_BPR__CTR_l_synth_aspect_wBorda_0.1_0.9,0.030735208700368076,0.04489796300396746,0.04489796300396746,0.025522348184950715,0.029902520133775166,0.02979586346975417,0.028638497652582157,0.031727401445711303,0.031727401445711303
ENS_BPR__CTR_meta_human_wBorda_0.3_0.7,0.036938762202846705,0.04487141482601083,0.04487141482601083,0.028956426611401066,0.031023645717937275,0.03099406132512054,0.034722222222222224,0.03616094716446829,0.03616094716446829
ENS_BPR__CTR_meta_human_wBorda_0.1_0.9,0.03679670616290335,0.04456185767805486,0.04456185767805486,0.029553570777720015,0.03162612749872753,0.03162080507042739,0.03513302034428795,0.03671286981146136,0.03671286981146136
ENS_BPR__CTR_meta_human_rrf_k120,0.02266562336984872,0.04452129443326627,0.04452129443326627,0.01721937552510849,0.024885887713673234,0.024885887713673234,0.01954225352112676,0.023823496534764135,0.023823496534764135
ENS_BPR__CTR_meta_human_rrf_k60,0.02266562336984872,0.04452129443326627,0.04452129443326627,0.017250913564783716,0.02491742575334846,0.02491742575334846,0.01960093896713615,0.02388218198077353,0.02388218198077353
ENS_BPR__CTR_meta_human_rrf_k90,0.02266562336984872,0.04452129443326627,0.04452129443326627,0.01721937552510849,0.024885887713673234,0.024885887713673234,0.01954225352112676,0.023823496534764135,0.023823496534764135
ENS_BPR__CTR_l_synth_aspect_wBorda_0.3_0.7,0.03183206763173405,0.044366362092455494,0.044366362092455494,0.02527442104508885,0.028918931015269204,0.028791552491330443,0.02832550860719875,0.030610514941500855,0.030610514941500855
ENS_BPR__CTR_l_synth_dense_wBorda_0.3_0.7,0.030831326341889724,0.04433981391449887,0.04433981391449887,0.025889131794344933,0.030168410653910675,0.030105940978353275,0.030868544600938963,0.03345303301289217,0.03345303301289217
CTR_meta_human,0.03679670616290335,0.04376960415692809,0.12547523088201368,0.029553570777720015,0.03131045432488177,0.051135628055796176,0.03513302034428795,0.036481854087487886,0.04143873050711499
ENS_BPR__CTR_all_reviews_text_wBorda_0.1_0.9,0.030406513152992025,0.04365875387002147,0.04365875387002147,0.024725908759950194,0.028878385359757883,0.02887340471132932,0.028834115805946792,0.031884361725911026,0.031884361725911026
ENS_BPR__CTR_m_synth_aspect_rrf_k10,0.026655638687699476,0.043604848566857465,0.043604848566857465,0.018627453252482513,0.024563346430920154,0.02449648485282365,0.019464006259780908,0.02274200760116253,0.02274200760116253
ENS_BPR__CTR_l_synth_aspect_rrf_k30,0.025470243488219767,0.04352846433554365,0.04352846433554365,0.01737995903036452,0.02381689738379567,0.02374764311149466,0.01791862284820031,0.021417393248379164,0.021417393248379164
ENS_BPR__CTR_meta_only_wBorda_0.3_0.7,0.03184883490202244,0.043480957069726524,0.043480957069726524,0.02685318052743118,0.030360891095417217,0.030202094569996864,0.03151408450704225,0.03391599597585513,0.03391599597585513
ENS_BPR__CTR_s_synth_aspect_wBorda_0.3_0.7,0.032125494861781,0.04341388798857294,0.04341388798857294,0.026094344389712004,0.029212295589089204,0.029085414840266065,0.02992957746478873,0.03185734779044638,0.03185734779044638
CTR_s_synth_aspect,0.03091405958344431,0.04340753897833217,0.12692611454657415,0.02597998056196629,0.029724736165949037,0.049593312394251486,0.02981220657276995,0.03242277740517177,0.03749689834272453
ENS_BPR__CTR_l_synth_aspect_rrf_k10,0.025579738844193997,0.04297607593104257,0.04297607593104257,0.018083148413306636,0.024054017086146042,0.023954645458015317,0.01905320813771518,0.022063398911990464,0.022063398911990464
ENS_BPR__CTR_meta_only_rrf_k120,0.023954202799643866,0.04261557961984203,0.04261557961984203,0.015376164120735758,0.022182397027691234,0.022115452569690185,0.015453834115805948,0.019160798122065732,0.019160798122065732
ENS_BPR__CTR_meta_only_rrf_k60,0.023954202799643866,0.04261557961984203,0.04261557961984203,0.015995182652607902,0.022801415559563384,0.022734471101562327,0.016568857589984352,0.02027582159624413,0.02027582159624413
ENS_BPR__CTR_meta_only_rrf_k90,0.023954202799643866,0.04261557961984203,0.04261557961984203,0.015376164120735758,0.022182397027691234,0.022115452569690185,0.015453834115805948,0.019160798122065732,0.019160798122065732
ENS_BPR__CTR_meta_human_rrf_k30,0.024398241299649747,0.042576291079812215,0.042576291079812215,0.01861328891676789,0.025192079955793777,0.025192079955793777,0.021087636932707352,0.0249026566808257,0.0249026566808257
CTR_m_synth_dense,0.029767070436084522,0.04248021577988219,0.11365528587081589,0.026151700810728856,0.03013562338724542,0.0473442155126011,0.03034037558685446,0.033147961845144944,0.03749143144294134
ENS_BPR__CTR_meta_only_borda,0.027010840071440514,0.04161792703768241,0.04161792703768241,0.018376090830003716,0.023288317181857823,0.023163790266599586,0.019385758998435053,0.02209926224010731,0.02209926224010731
ENS_BPR__CTR_meta_only_wBorda_0.5_0.5,0.027010840071440514,0.04161792703768241,0.04161792703768241,0.018376090830003716,0.023288317181857823,0.023163790266599586,0.019385758998435053,0.02209926224010731,0.02209926224010731
ENS_BPR__CTR_m_synth_aspect_wBorda_0.1_0.9,0.03204864487295918,0.041526344403475614,0.041526344403475614,0.027331025248061143,0.030165081494743944,0.030069615573695255,0.032511737089201874,0.034483754378120575,0.034483754378120575
ENS_BPR__CTR_l_synth_dense_rrf_k10,0.029019529635726824,0.0413651923057038,0.0413651923057038,0.02015825364070282,0.024361534753415612,0.024327074885539056,0.02188967136150235,0.02422637677919368,0.02422637677919368
ENS_BPR__CTR_s_synth_aspect_rrf_k120,0.021810958342648484,0.04131797920252331,0.04131797920252331,0.01562657954781573,0.022791698882003313,0.02272858672752286,0.017762128325508608,0.021830985915492956,0.021830985915492956
ENS_BPR__CTR_s_synth_aspect_rrf_k60,0.021810958342648484,0.04131797920252331,0.04131797920252331,0.015575143220540082,0.02274026255472766,0.022677150400247214,0.017703442879499216,0.021772300469483565,0.021772300469483565
ENS_BPR__CTR_s_synth_aspect_rrf_k90,0.021810958342648484,0.04131797920252331,0.04131797920252331,0.01562657954781573,0.022791698882003313,0.02272858672752286,0.017762128325508608,0.021830985915492956,0.021830985915492956
ENS_BPR__CTR_m_synth_aspect_wBorda_0.3_0.7,0.03369044008869806,0.0411316761993189,0.0411316761993189,0.027571068407363675,0.029832190260994436,0.02971082413960001,0.03268779342723005,0.03431282137268053,0.03431282137268053
ENS_BPR__CTR_s_synth_aspect_rrf_k30,0.020554215332754987,0.040965866526466964,0.040965866526466964,0.015456516639725951,0.022693985938686437,0.022620503226897452,0.01832942097026604,0.02198375437812057,0.02198375437812057
ENS_BPR__CTR_m_synth_aspect_borda,0.02646002053433484,0.040866194419752616,0.040866194419752616,0.01818043021177953,0.023006305549538874,0.022914938520437314,0.019835680751173708,0.02244811461360757,0.02244811461360757
ENS_BPR__CTR_m_synth_aspect_wBorda_0.5_0.5,0.02646002053433484,0.040866194419752616,0.040866194419752616,0.01818043021177953,0.023006305549538874,0.022914938520437314,0.019835680751173708,0.02244811461360757,0.02244811461360757
ENS_BPR__CTR_meta_only_rrf_k30,0.026448334255042928,0.040855016239560345,0.040855016239560345,0.017422767350844498,0.0226813125046836,0.02261402626681097,0.018368544600938966,0.021297693568820327,0.021297693568820327
ENS_BPR__CTR_s_synth_dense_borda,0.024573702626890175,0.040456965165082286,0.040456965165082286,0.01701264094472152,0.022471343683366767,0.022428632090334535,0.018485915492957746,0.02167355987778523,0.02167355987778523
ENS_BPR__CTR_s_synth_dense_wBorda_0.5_0.5,0.024573702626890175,0.040456965165082286,0.040456965165082286,0.01701264094472152,0.022471343683366767,0.022428632090334535,0.018485915492957746,0.02167355987778523,0.02167355987778523
ENS_BPR__CTR_m_synth_dense_rrf_k120,0.022251099187718906,0.04039218252987712,0.04039218252987712,0.014975949413399008,0.021800011146810523,0.02174336280092628,0.016158059467918623,0.020029901632014308,0.020029901632014308
ENS_BPR__CTR_m_synth_dense_rrf_k60,0.022251099187718906,0.04039218252987712,0.04039218252987712,0.01436332609950149,0.021187387832913008,0.021130739487028764,0.014945226917057904,0.01881706908115359,0.01881706908115359
ENS_BPR__CTR_m_synth_dense_rrf_k90,0.022251099187718906,0.04039218252987712,0.04039218252987712,0.014515172419006232,0.02133923415241775,0.021282585806533506,0.01547339593114241,0.019345238095238096,0.019345238095238096
ENS_BPR__CTR_m_synth_dense_wBorda_0.1_0.9,0.029767070436084522,0.039946960693810214,0.039946960693810214,0.026151700810728856,0.02937534494493349,0.02929566097008175,0.03034037558685446,0.03298028914226097,0.03298028914226097
ENS_BPR__CTR_l_synth_dense_borda,0.02634264964231606,0.03983750767942762,0.03983750767942762,0.018246911530954445,0.022774985346160907,0.02273526592541909,0.020305164319248826,0.022671678217452862,0.022671678217452862
ENS_BPR__CTR_l_synth_dense_wBorda_0.5_0.5,0.02634264964231606,0.03983750767942762,0.03983750767942762,0.018246911530954445,0.022774985346160907,0.02273526592541909,0.020305164319248826,0.022671678217452862,0.022671678217452862
ENS_BPR__CTR_meta_only_rrf_k10,0.026557829611017155,0.039807061846535534,0.039807061846535534,0.01954528184130257,0.024117456482906266,0.02401535014754302,0.021576682316118936,0.024146732245323793,0.024146732245323793
ENS_BPR__CTR_m_synth_dense_rrf_k30,0.022984667262836277,0.03980532806978322,0.03980532806978322,0.015159625717456987,0.021459921465078885,0.02140327311919464,0.01578638497652582,0.019353621730382294,0.019353621730382294
ENS_BPR__CTR_s_synth_aspect_borda,0.025579738844193997,0.038725572912933916,0.038725572912933916,0.017358122448294256,0.021845815623522797,0.021751456422130815,0.018368544600938966,0.02079234667262836,0.02079234667262836
ENS_BPR__CTR_s_synth_aspect_wBorda_0.5_0.5,0.025579738844193997,0.038725572912933916,0.038725572912933916,0.017358122448294256,0.021845815623522797,0.021751456422130815,0.018368544600938966,0.02079234667262836,0.02079234667262836
ENS_BPR__CTR_all_reviews_text_wBorda_0.3_0.7,0.029596560846560847,0.03856924998511358,0.03856924998511358,0.024280864200214206,0.026700221927655376,0.02667000253649078,0.029049295774647887,0.030719502198375433,0.030719502198375433
ENS_BPR__CTR_meta_only_wBorda_0.7_0.3,0.020767318334961034,0.0384377347729831,0.0384377347729831,0.013065811810439202,0.01891828976562262,0.018842628252663182,0.013517214397496086,0.01652926820180341,0.01652926820180341
ENS_BPR__CTR_meta_human_wBorda_0.7_0.3,0.02047545997230949,0.038399671910605934,0.038399671910605934,0.01300483961896304,0.019116800379897284,0.019079745570413236,0.014006259780907667,0.01742119382964453,0.01742119382964453
ENS_BPR__CTR_l_synth_dense_rrf_k30,0.02432791191594009,0.03832379577839178,0.03832379577839178,0.01668788708465274,0.021990291104528645,0.02195843528824547,0.016940532081377153,0.020497522170057382,0.020497522170057382
ENS_BPR__CTR_l_synth_dense_rrf_k120,0.022605074893807288,0.03832379577839178,0.03832379577839178,0.015988807030932986,0.022012246238768685,0.021980390422485507,0.016744913928012518,0.020664729115433343,0.020664729115433343
ENS_BPR__CTR_l_synth_dense_rrf_k60,0.022605074893807288,0.03832379577839178,0.03832379577839178,0.015988807030932986,0.022012246238768685,0.021980390422485507,0.016744913928012518,0.020664729115433343,0.020664729115433343
ENS_BPR__CTR_l_synth_dense_rrf_k90,0.022605074893807288,0.03832379577839178,0.03832379577839178,0.015988807030932986,0.022012246238768685,0.021980390422485507,0.016744913928012518,0.020664729115433343,0.020664729115433343
ENS_BPR__CTR_all_reviews_text_rrf_k120,0.023604590505998956,0.03831740442655936,0.03831740442655936,0.017695986908010525,0.02308971157810644,0.02308971157810644,0.01960093896713615,0.02323338177211417,0.02323338177211417
ENS_BPR__CTR_all_reviews_text_rrf_k60,0.023604590505998956,0.03831740442655936,0.03831740442655936,0.017558719907289008,0.022948850005641678,0.022948850005641678,0.01934663536776213,0.02299537968552053,0.02299537968552053
ENS_BPR__CTR_all_reviews_text_rrf_k90,0.023604590505998956,0.03831740442655936,0.03831740442655936,0.017695986908010525,0.023096021903843175,0.023096021903843175,0.01960093896713615,0.023261327222594826,0.023261327222594826
ENS_BPR__CTR_m_synth_dense_rrf_k10,0.02678059095312616,0.038193383676148676,0.038193383676148676,0.018361966550846816,0.022602903144289387,0.02253978879025219,0.019033646322378715,0.02189572620910649,0.02189572620910649
ENS_BPR__CTR_m_synth_dense_wBorda_0.3_0.7,0.030104744629392517,0.03804946460617328,0.03804946460617328,0.02592669878158665,0.028504984943107926,0.028431633786059483,0.03022300469483568,0.03244746255309636,0.03244746255309636
ENS_BPR__CTR_s_synth_aspect_rrf_k10,0.02421041177064157,0.03754068581255386,0.03754068581255386,0.018202673559721362,0.022824706977696688,0.02274757728153004,0.020442097026604066,0.022940420299575232,0.022940420299575232
ENS_BPR__CTR_all_reviews_text_rrf_k30,0.024387063119457486,0.03742873910127431,0.03742873910127431,0.017902567931203196,0.0227460518991263,0.0227460518991263,0.01946400625978091,0.022805816379760042,0.022805816379760042
ENS_BPR__CTR_m_synth_dense_borda,0.026663220061107388,0.037410911062690164,0.037410911062690164,0.0183624523243487,0.022144989232525992,0.022075162754213912,0.019679186228482002,0.02194649377747969,0.02194649377747969
ENS_BPR__CTR_m_synth_dense_wBorda_0.5_0.5,0.026663220061107388,0.037410911062690164,0.037410911062690164,0.0183624523243487,0.022144989232525992,0.022075162754213912,0.019679186228482002,0.02194649377747969,0.02194649377747969
ENS_BPR__CTR_l_synth_aspect_borda,0.027144684071111053,0.03737301310966989,0.03737301310966989,0.017671682433167808,0.021339571118773028,0.02123447261111937,0.018075117370892017,0.02019384827483419,0.02019384827483419
ENS_BPR__CTR_l_synth_aspect_wBorda_0.5_0.5,0.027144684071111053,0.03737301310966989,0.03737301310966989,0.017671682433167808,0.021339571118773028,0.02123447261111937,0.018075117370892017,0.02019384827483419,0.02019384827483419
ENS_BPR__CTR_s_synth_dense_rrf_k10,0.021696890094777415,0.03728795108057524,0.03728795108057524,0.017131453173505402,0.0226293461771053,0.022592776701893625,0.02032472613458529,0.023670728072136524,0.023670728072136524
ENS_BPR__CTR_s_synth_dense_rrf_k120,0.018981481481481485,0.03716499109846033,0.03716499109846033,0.01189205612581391,0.018637645619319052,0.018608276911706245,0.011932707355242569,0.016267512482301214,0.016267512482301214
ENS_BPR__CTR_s_synth_dense_rrf_k60,0.018981481481481485,0.03716499109846033,0.03716499109846033,0.012325237166222996,0.01907082665972814,0.019041457952115332,0.012519561815336465,0.016854366942395112,0.016854366942395112
ENS_BPR__CTR_s_synth_dense_rrf_k90,0.018981481481481485,0.03716499109846033,0.03716499109846033,0.01189205612581391,0.018637645619319052,0.018608276911706245,0.011932707355242569,0.016267512482301214,0.016267512482301214
ENS_BPR__CTR_s_synth_dense_rrf_k30,0.01797544526417766,0.036941427494615035,0.036941427494615035,0.012739552394930664,0.019992521270499542,0.01996315256288673,0.013321596244131453,0.018121693121693122,0.018121693121693122
ENS_BPR__CTR_l_synth_aspect_wBorda_0.7_0.3,0.01803755592210003,0.03648155323933678,0.03648155323933678,0.011714442944057515,0.017838904238445155,0.01776109418114301,0.012695618153364632,0.015634548028914227,0.015634548028914227
ENS_BPR__CTR_m_synth_aspect_wBorda_0.7_0.3,0.019202373108043975,0.036090316932607516,0.036090316932607516,0.012488689512689038,0.018307681793477082,0.01822605578840584,0.013673708920187792,0.016739790595424398,0.016739790595424398
ENS_BPR__CTR_all_reviews_text_rrf_k10,0.024876574260377076,0.03533126144782927,0.03533126144782927,0.019457743448887902,0.02286614067934018,0.022837461144942946,0.02249608763693271,0.02439870705715776,0.02439870705715776
ENS_BPR__CTR_s_synth_aspect_wBorda_0.7_0.3,0.019144195761134235,0.03515134979645728,0.03515134979645728,0.01230129740415141,0.01756084939987213,0.01748303934256998,0.013086854460093895,0.015551177434980253,0.015551177434980253
ENS_BPR__CTR_all_reviews_text_borda,0.02331162903346002,0.03469689972191826,0.03469689972191826,0.016829614722576876,0.020740786645319424,0.0207101390764938,0.019033646322378715,0.021361036589909833,0.021361036589909833
ENS_BPR__CTR_all_reviews_text_wBorda_0.5_0.5,0.02331162903346002,0.03469689972191826,0.03469689972191826,0.016829614722576876,0.020740786645319424,0.0207101390764938,0.019033646322378715,0.021361036589909833,0.021361036589909833
ENS_BPR__CTR_s_synth_dense_wBorda_0.7_0.3,0.021234221294451093,0.033848797641421804,0.033848797641421804,0.0131228224837329,0.017120085107539214,0.017075559325412323,0.013888888888888888,0.01592098889634101,0.01592098889634101
ENS_BPR__CTR_m_synth_dense_wBorda_0.7_0.3,0.02009074427069238,0.03365267138895753,0.03365267138895753,0.012971264234391438,0.01751720807034343,0.01748015326085938,0.013928012519561812,0.016172497950666963,0.016172497950666963
ENS_BPR__CTR_l_synth_dense_wBorda_0.7_0.3,0.020423295131412254,0.03307470866310747,0.03307470866310747,0.012981564991614526,0.01734809550195746,0.017305718264173275,0.014260563380281688,0.01642819882256502,0.01642819882256502
ENS_BPR__CTR_meta_only_wBorda_0.9_0.1,0.008985222249677401,0.031232889539968858,0.031232889539968858,0.0062157210473150135,0.01313358820114497,0.013065698165660871,0.007609546165884194,0.010845163574036814,0.010845163574036814
ENS_BPR__CTR_l_synth_dense_wBorda_0.9_0.1,0.008985222249677401,0.03088886633642008,0.03088886633642008,0.006188125093331326,0.013051602976870816,0.013014548167386768,0.007511737089201877,0.010995137491616366,0.010995137491616366
ENS_BPR__CTR_all_reviews_text_wBorda_0.7_0.3,0.0194582455748134,0.030692316668039427,0.030692316668039427,0.012569481926865664,0.0162094620132907,0.01617617773811545,0.013595461658841939,0.015538136224755944,0.015538136224755944
ENS_BPR__CTR_m_synth_dense_wBorda_0.9_0.1,0.008985222249677401,0.030556315475700205,0.030556315475700205,0.006239561420606973,0.012946660078835017,0.01290960526935097,0.007570422535211267,0.010789738430583501,0.010789738430583501
ENS_BPR__CTR_s_synth_dense_wBorda_0.9_0.1,0.008985222249677401,0.030134847272541863,0.030134847272541863,0.0062157210473150135,0.012767813552768053,0.012720475060353337,0.007609546165884194,0.010849821149116923,0.010849821149116923
ENS_BPR__CTR_m_synth_aspect_wBorda_0.9_0.1,0.008985222249677401,0.0296679443130518,0.0296679443130518,0.0062157210473150135,0.012695177423322804,0.012627287387838705,0.007609546165884194,0.010815820851032118,0.010815820851032118
ENS_BPR__CTR_s_synth_aspect_wBorda_0.9_0.1,0.008985222249677401,0.029609766966142058,0.029609766966142058,0.006267157374590661,0.012663495068364429,0.01259128584206147,0.007668231611893584,0.010786478128027424,0.010786478128027424
ENS_BPR__CTR_meta_human_wBorda_0.9_0.1,0.010158931169865194,0.029599649554245547,0.029599649554245547,0.006693614011257844,0.012747151543428538,0.01271009673394449,0.007805164319248826,0.010791135703107534,0.010791135703107534
ENS_BPR__CTR_all_reviews_text_wBorda_0.9_0.1,0.010158931169865194,0.027799962543290934,0.027799962543290934,0.006721209965241531,0.01225226087176693,0.012209241570171076,0.007902973395931143,0.01074921752738654,0.01074921752738654
ENS_BPR__CTR_l_synth_aspect_wBorda_0.9_0.1,0.008985222249677401,0.02726764405322597,0.02726764405322597,0.006188125093331326,0.011848689113668926,0.011807315113366015,0.007511737089201877,0.010382200611073852,0.010382200611073852
ENS_BPR__CDL_meta_only_wBorda_0.9_0.1,0.007811513329489608,0.02049874784771004,0.02049874784771004,0.005710232129388496,0.009563807825029191,0.009520788523433337,0.007316118935837246,0.009208491690886058,0.009208491690886058
ENS_BPR__CDL_all_reviews_text_wBorda_0.9_0.1,0.007811513329489608,0.02049874784771004,0.02049874784771004,0.005710232129388496,0.009563807825029191,0.009520788523433337,0.007316118935837246,0.009208491690886058,0.009208491690886058
ENS_BPR__CDL_meta_human_wBorda_0.9_0.1,0.007811513329489608,0.02049874784771004,0.02049874784771004,0.005710232129388496,0.009563807825029191,0.009520788523433337,0.007316118935837246,0.009208491690886058,0.009208491690886058
ENS_BPR__CDL_s_synth_dense_wBorda_0.9_0.1,0.007811513329489608,0.02049874784771004,0.02049874784771004,0.005710232129388496,0.009563807825029191,0.009520788523433337,0.007316118935837246,0.009208491690886058,0.009208491690886058
ENS_BPR__CDL_s_synth_aspect_wBorda_0.9_0.1,0.007811513329489608,0.02049874784771004,0.02049874784771004,0.005710232129388496,0.009563807825029191,0.009520788523433337,0.007316118935837246,0.009208491690886058,0.009208491690886058
ENS_BPR__CDL_m_synth_dense_wBorda_0.9_0.1,0.007811513329489608,0.02049874784771004,0.02049874784771004,0.005710232129388496,0.009563807825029191,0.009520788523433337,0.007316118935837246,0.009208491690886058,0.009208491690886058
ENS_BPR__CDL_m_synth_aspect_wBorda_0.9_0.1,0.007811513329489608,0.02049874784771004,0.02049874784771004,0.005710232129388496,0.009563807825029191,0.009520788523433337,0.007316118935837246,0.009208491690886058,0.009208491690886058
ENS_BPR__CDL_l_synth_dense_wBorda_0.9_0.1,0.007811513329489608,0.02049874784771004,0.02049874784771004,0.005710232129388496,0.009563807825029191,0.009520788523433337,0.007316118935837246,0.009208491690886058,0.009208491690886058
ENS_BPR__CDL_l_synth_aspect_wBorda_0.9_0.1,0.007811513329489608,0.02049874784771004,0.02049874784771004,0.005710232129388496,0.009563807825029191,0.009520788523433337,0.007316118935837246,0.009208491690886058,0.009208491690886058
ENS_BPR__CTR_s_synth_aspect_wMean_0.7_0.3,0.010261863579135633,0.02021933568449506,0.02021933568449506,0.006632151675124269,0.009902124287238115,0.009746764590916016,0.006631455399061032,0.008759967210671436,0.008759967210671436
ENS_BPR__CTR_s_synth_aspect_wMean_0.9_0.1,0.010261863579135633,0.02021933568449506,0.02021933568449506,0.006632151675124269,0.009902124287238115,0.009746764590916016,0.006631455399061032,0.008759967210671436,0.008759967210671436
ENS_MF__BPR_wBorda_0.1_0.9,0.007811513329489608,0.019325038927522246,0.019325038927522246,0.005710232129388496,0.009189412331610062,0.009146393030014207,0.007316118935837246,0.009076216558610925,0.009076216558610925
ENS_BPR__HFT_all_reviews_text_wBorda_0.9_0.1,0.007811513329489608,0.01915736622463828,0.01915736622463828,0.005710232129388496,0.009131270376965041,0.009088251075369187,0.007316118935837246,0.008973749906848499,0.008973749906848499
BPR,0.007811513329489608,0.01837489361117975,0.059551454126139075,0.005710232129388496,0.008951208343061942,0.018822465474322658,0.007316118935837246,0.008973749906848497,0.01185099704496899
ENS_BPR__VAECF_wBorda_0.9_0.1,0.007811513329489608,0.017983657304450482,0.017983657304450482,0.005710232129388496,0.008836297697536495,0.008793278395940641,0.007316118935837246,0.008991448692152916,0.008991448692152916
ENS_BPR__VAECF_wBorda_0.7_0.3,0.006539995332619499,0.017201184690991956,0.017201184690991956,0.005301693228136057,0.008461777864012063,0.008424723054528018,0.007394366197183099,0.008810734779044638,0.008810734779044638
ENS_BPR__ConvMF_m_synth_dense_wBorda_0.9_0.1,0.007811513329489608,0.01710337561430964,0.01710337561430964,0.005710232129388496,0.008585161795642459,0.008542142494046605,0.007316118935837246,0.00885637901482972,0.00885637901482972
ENS_BPR__ConvMF_s_synth_dense_wBorda_0.9_0.1,0.007811513329489608,0.017044690168300246,0.017044690168300246,0.005710232129388496,0.008562657235333082,0.008519637933737228,0.007316118935837246,0.008840077502049333,0.008840077502049333
ENS_BPR__HFT_m_synth_dense_wBorda_0.9_0.1,0.007811513329489608,0.017044690168300246,0.017044690168300246,0.005710232129388496,0.008553740404957398,0.008510721103361544,0.007316118935837246,0.008843337804605408,0.008843337804605408
ENS_BPR__HFT_meta_human_wBorda_0.9_0.1,0.007811513329489608,0.017005566537627324,0.017005566537627324,0.005710232129388496,0.0085553807777463,0.008512361476150445,0.007316118935837246,0.008856379014829718,0.008856379014829718
ENS_BPR__ConvMF_meta_only_wBorda_0.9_0.1,0.007811513329489608,0.01700556653762732,0.01700556653762732,0.005710232129388496,0.0085553807777463,0.008512361476150445,0.007316118935837246,0.00885637901482972,0.00885637901482972
ENS_BPR__ConvMF_meta_human_wBorda_0.9_0.1,0.007811513329489608,0.01700556653762732,0.01700556653762732,0.005710232129388496,0.0085553807777463,0.008512361476150445,0.007316118935837246,0.00885637901482972,0.00885637901482972
ENS_BPR__HFT_s_synth_dense_wBorda_0.9_0.1,0.007811513329489608,0.01697762108714666,0.01697762108714666,0.005710232129388496,0.00854597392954367,0.008502954627947815,0.007316118935837246,0.008856379014829717,0.008856379014829717
ENS_BPR__HFT_l_synth_dense_wBorda_0.9_0.1,0.007811513329489608,0.01692731927628147,0.01692731927628147,0.005710232129388496,0.008527386733259848,0.008484367431663994,0.007316118935837246,0.00885637901482972,0.00885637901482972
ENS_BPR__HFT_meta_only_wBorda_0.9_0.1,0.007811513329489608,0.01680994838426269,0.01680994838426269,0.005710232129388496,0.008452714446641361,0.008409695145045507,0.007316118935837246,0.008739008122810938,0.008739008122810938
ENS_BPR__ConvMF_all_reviews_text_wBorda_0.9_0.1,0.007811513329489608,0.01680994838426269,0.01680994838426269,0.005710232129388496,0.008452714446641361,0.008409695145045507,0.007316118935837246,0.008739008122810938,0.008739008122810938
ENS_BPR__HFT_s_synth_aspect_wBorda_0.9_0.1,0.007811513329489608,0.01680994838426269,0.01680994838426269,0.005710232129388496,0.008452714446641361,0.008409695145045507,0.007316118935837246,0.008739008122810938,0.008739008122810938
ENS_BPR__ConvMF_s_synth_aspect_wBorda_0.9_0.1,0.007811513329489608,0.01680994838426269,0.01680994838426269,0.005710232129388496,0.008452714446641361,0.008409695145045507,0.007316118935837246,0.008739008122810938,0.008739008122810938
ENS_BPR__HFT_m_synth_aspect_wBorda_0.9_0.1,0.007811513329489608,0.01680994838426269,0.01680994838426269,0.005710232129388496,0.008452714446641361,0.008409695145045507,0.007316118935837246,0.008739008122810938,0.008739008122810938
ENS_BPR__ConvMF_m_synth_aspect_wBorda_0.9_0.1,0.007811513329489608,0.01680994838426269,0.01680994838426269,0.005710232129388496,0.008438670820648293,0.008395651519052439,0.007316118935837246,0.00872596691258663,0.00872596691258663
ENS_BPR__ConvMF_l_synth_dense_wBorda_0.9_0.1,0.007811513329489608,0.01680994838426269,0.01680994838426269,0.005710232129388496,0.008452714446641361,0.008409695145045507,0.007316118935837246,0.008739008122810938,0.008739008122810938
ENS_BPR__HFT_l_synth_aspect_wBorda_0.9_0.1,0.007811513329489608,0.01680994838426269,0.01680994838426269,0.005710232129388496,0.008452714446641361,0.008409695145045507,0.007316118935837246,0.008739008122810938,0.008739008122810938
ENS_BPR__ConvMF_l_synth_aspect_wBorda_0.9_0.1,0.007811513329489608,0.01680994838426269,0.01680994838426269,0.005710232129388496,0.008452714446641361,0.008409695145045507,0.007316118935837246,0.008739008122810938,0.008739008122810938
ENS_BPR__VAECF_rrf_k10,0.007873630672926447,0.016770824753589764,0.016770824753589764,0.00565415023958962,0.008691080076846365,0.008662400542449128,0.007081377151799687,0.008771145390863702,0.008771145390863702
ENS_BPR__CTR_meta_only_wMean_0.7_0.3,0.009126984126984128,0.016630337581041807,0.016630337581041807,0.005081777958601316,0.007710987439708543,0.007710987439708543,0.0054186228482003135,0.007202474103882554,0.007202474103882554
ENS_BPR__CTR_meta_only_wMean_0.9_0.1,0.009126984126984128,0.016630337581041807,0.016630337581041807,0.005081777958601316,0.007710987439708543,0.007710987439708543,0.0054186228482003135,0.007202474103882554,0.007202474103882554
ENS_BPR__CDL_meta_only_rrf_k10,0.01127366048140696,0.01632090300085111,0.01632090300085111,0.008121047151585067,0.010025560778240303,0.009966358064036025,0.008841940532081377,0.010357515463149265,0.010357515463149265
ENS_BPR__CDL_s_synth_dense_rrf_k10,0.01127366048140696,0.01632090300085111,0.01632090300085111,0.007916942634675876,0.009831965470880298,0.00977276275667602,0.008352895148669796,0.009897812802742382,0.009897812802742382
ENS_BPR__CDL_s_synth_aspect_rrf_k10,0.01127366048140696,0.01632090300085111,0.01632090300085111,0.00797693367193489,0.00987462754068188,0.009817979194797636,0.00854851330203443,0.010034745510097622,0.010034745510097622
ENS_BPR__CDL_l_synth_aspect_rrf_k10,0.01127366048140696,0.01632090300085111,0.01632090300085111,0.00797693367193489,0.009881447298590125,0.009822244584385846,0.00854851330203443,0.010064088233102318,0.010064088233102318
ENS_BPR__CDL_meta_human_rrf_k10,0.011078042328042327,0.01632090300085111,0.01632090300085111,0.007293217322128272,0.009262643027590452,0.009203440313386173,0.00770735524256651,0.009235971383858708,0.009235971383858708
ENS_BPR__CDL_all_reviews_text_rrf_k10,0.010686806021313064,0.01632090300085111,0.01632090300085111,0.007666994560934196,0.009848888857068269,0.009785744072113065,0.00825508607198748,0.010044526417765853,0.010044526417765853
ENS_BPR__CDL_m_synth_aspect_rrf_k10,0.010686806021313064,0.01632090300085111,0.01632090300085111,0.007666994560934196,0.009820019141992134,0.009760816427787856,0.00825508607198748,0.009951374916163647,0.009951374916163647
ENS_BPR__CDL_l_synth_dense_rrf_k10,0.010686806021313064,0.01632090300085111,0.01632090300085111,0.007666994560934196,0.00983836415396745,0.009779161439763172,0.00825508607198748,0.009995621879424698,0.009995621879424698
ENS_BPR__CTR_m_synth_dense_wMean_0.7_0.3,0.007356639839034205,0.016120627272406367,0.016120627272406367,0.004465438718737841,0.007750340142568915,0.007685227323185323,0.004166666666666667,0.006550879350175124,0.006550879350175124
ENS_BPR__CTR_m_synth_dense_wMean_0.9_0.1,0.007356639839034205,0.016120627272406367,0.016120627272406367,0.004465438718737841,0.007750340142568915,0.007685227323185323,0.004166666666666667,0.006550879350175124,0.006550879350175124
ENS_BPR__HFT_all_reviews_text_wBorda_0.7_0.3,0.00751808609944266,0.01604843485866466,0.01604843485866466,0.005588951916497347,0.008271527035455941,0.008234472225971894,0.007120500782472613,0.008623034503316192,0.008623034503316192
ENS_BPR__CDL_m_synth_dense_rrf_k10,0.010686806021313064,0.015929666694121845,0.015929666694121845,0.007666994560934196,0.009673402052234117,0.009614199338029839,0.00825508607198748,0.009979320366644312,0.009979320366644312
ENS_BPR__CDL_meta_only_borda,0.008401162334631571,0.015929666694121845,0.015929666694121845,0.006112073062473001,0.008641075214623465,0.008577267759641172,0.0070618153364632235,0.008904817795662866,0.008904817795662866
ENS_BPR__CDL_meta_only_wBorda_0.5_0.5,0.008401162334631571,0.015929666694121845,0.015929666694121845,0.006112073062473001,0.008641075214623465,0.008577267759641172,0.0070618153364632235,0.008904817795662866,0.008904817795662866
ENS_BPR__CDL_all_reviews_text_wBorda_0.7_0.3,0.008859467722514423,0.015831857617439528,0.015831857617439528,0.0063748440557424265,0.00849023205214607,0.008425208431175014,0.007902973395931143,0.00909251807139131,0.00909251807139131
ENS_BPR__CDL_meta_only_wBorda_0.7_0.3,0.008859467722514423,0.015775966716478206,0.015775966716478206,0.0063748440557424265,0.008436532132367492,0.008399477322883446,0.007902973395931143,0.008996106267233028,0.008996106267233028
ENS_BPR__CDL_meta_human_wBorda_0.7_0.3,0.008859467722514423,0.015775966716478206,0.015775966716478206,0.0063748440557424265,0.008398617416793135,0.00836156260730909,0.007902973395931143,0.008958845666592146,0.008958845666592146
ENS_BPR__CDL_s_synth_dense_wBorda_0.7_0.3,0.008859467722514423,0.015775966716478206,0.015775966716478206,0.0063748440557424265,0.008419589783633047,0.008382534974149002,0.007902973395931143,0.008979804754452642,0.008979804754452642
ENS_BPR__CDL_s_synth_aspect_wBorda_0.7_0.3,0.008859467722514423,0.015775966716478206,0.015775966716478206,0.0063748440557424265,0.008436532132367492,0.008399477322883446,0.007902973395931143,0.008996106267233028,0.008996106267233028
ENS_BPR__CDL_m_synth_dense_wBorda_0.7_0.3,0.008859467722514423,0.015775966716478206,0.015775966716478206,0.0063748440557424265,0.008436532132367492,0.008399477322883446,0.007902973395931143,0.008996106267233028,0.008996106267233028
ENS_BPR__CDL_m_synth_aspect_wBorda_0.7_0.3,0.008859467722514423,0.015775966716478206,0.015775966716478206,0.0063748440557424265,0.00841555976552758,0.008378504956043534,0.007902973395931143,0.008975147179372532,0.008975147179372532
ENS_BPR__CDL_l_synth_dense_wBorda_0.7_0.3,0.008859467722514423,0.015775966716478206,0.015775966716478206,0.0063748440557424265,0.00841555976552758,0.008378504956043534,0.007902973395931143,0.008975147179372532,0.008975147179372532
ENS_BPR__CDL_l_synth_aspect_wBorda_0.7_0.3,0.008859467722514423,0.015775966716478206,0.015775966716478206,0.0063748440557424265,0.008419589783633047,0.008382534974149002,0.007902973395931143,0.008979804754452642,0.008979804754452642
ENS_BPR__CDL_m_synth_dense_borda,0.008596780487996204,0.015510484936911918,0.015510484936911918,0.006266069632323167,0.008574192926132027,0.008510385471149733,0.0072965571205007825,0.008842872047097399,0.008842872047097399
ENS_BPR__CDL_m_synth_dense_wBorda_0.5_0.5,0.008596780487996204,0.015510484936911918,0.015510484936911918,0.006266069632323167,0.008574192926132027,0.008510385471149733,0.0072965571205007825,0.008842872047097399,0.008842872047097399
ENS_BPR__CDL_l_synth_aspect_borda,0.008596780487996204,0.015510484936911918,0.015510484936911918,0.006266069632323167,0.008580539214954566,0.008516731759972272,0.0072965571205007825,0.008863831134957895,0.008863831134957895
ENS_BPR__CDL_l_synth_aspect_wBorda_0.5_0.5,0.008596780487996204,0.015510484936911918,0.015510484936911918,0.006266069632323167,0.008580539214954566,0.008516731759972272,0.0072965571205007825,0.008863831134957895,0.008863831134957895
ENS_BPR__CDL_s_synth_aspect_borda,0.008401162334631571,0.015510484936911918,0.015510484936911918,0.006112073062473001,0.008557352788007651,0.008496099701345391,0.0070618153364632235,0.008795364781280275,0.008795364781280275
ENS_BPR__CDL_s_synth_aspect_wBorda_0.5_0.5,0.008401162334631571,0.015510484936911918,0.015510484936911918,0.006112073062473001,0.008557352788007651,0.008496099701345391,0.0070618153364632235,0.008795364781280275,0.008795364781280275
ENS_BPR__CTR_meta_human_wMean_0.7_0.3,0.005058126536999776,0.015476778801463753,0.015476778801463753,0.004027474868709679,0.007884510761540882,0.007760195227953013,0.005301251956181534,0.0076072173783441385,0.0076072173783441385
ENS_BPR__CTR_meta_human_wMean_0.9_0.1,0.005058126536999776,0.015476778801463753,0.015476778801463753,0.004027474868709679,0.007884510761540882,0.007760195227953013,0.005301251956181534,0.0076072173783441385,0.0076072173783441385
ENS_BPR__CDL_all_reviews_text_borda,0.008401162334631571,0.015342812234027949,0.015342812234027949,0.005965155291887216,0.008267087162425484,0.008199337636692264,0.006474960876369327,0.008165194872941352,0.008165194872941352
ENS_BPR__CDL_all_reviews_text_wBorda_0.5_0.5,0.008401162334631571,0.015342812234027949,0.015342812234027949,0.005965155291887216,0.008267087162425484,0.008199337636692264,0.006474960876369327,0.008165194872941352,0.008165194872941352
ENS_BPR__CDL_meta_human_borda,0.008401162334631571,0.015342812234027949,0.015342812234027949,0.005965155291887216,0.008308520800892089,0.008244713345909796,0.006474960876369327,0.008166592145465385,0.008166592145465385
ENS_BPR__CDL_meta_human_wBorda_0.5_0.5,0.008401162334631571,0.015342812234027949,0.015342812234027949,0.005965155291887216,0.008308520800892089,0.008244713345909796,0.006474960876369327,0.008166592145465385,0.008166592145465385
ENS_BPR__CDL_s_synth_dense_borda,0.008401162334631571,0.015342812234027949,0.015342812234027949,0.006112073062473001,0.008470049125608293,0.008406241670626001,0.0070618153364632235,0.008803748416424473,0.008803748416424473
ENS_BPR__CDL_s_synth_dense_wBorda_0.5_0.5,0.008401162334631571,0.015342812234027949,0.015342812234027949,0.006112073062473001,0.008470049125608293,0.008406241670626001,0.0070618153364632235,0.008803748416424473,0.008803748416424473
ENS_BPR__CDL_m_synth_aspect_borda,0.008401162334631571,0.015342812234027949,0.015342812234027949,0.006112073062473001,0.008418954721446164,0.008355147266463872,0.0070618153364632235,0.008774405693419777,0.008774405693419777
ENS_BPR__CDL_m_synth_aspect_wBorda_0.5_0.5,0.008401162334631571,0.015342812234027949,0.015342812234027949,0.006112073062473001,0.008418954721446164,0.008355147266463872,0.0070618153364632235,0.008774405693419777,0.008774405693419777
ENS_BPR__CDL_l_synth_dense_borda,0.008401162334631571,0.015342812234027949,0.015342812234027949,0.006112073062473001,0.008418090784040868,0.008354283329058576,0.0070618153364632235,0.008753446605559281,0.008753446605559281
ENS_BPR__CDL_l_synth_dense_wBorda_0.5_0.5,0.008401162334631571,0.015342812234027949,0.015342812234027949,0.006112073062473001,0.008418090784040868,0.008354283329058576,0.0070618153364632235,0.008753446605559281,0.008753446605559281
ENS_BPR__VAECF_rrf_k30,0.008900625978090767,0.015336971322886814,0.015336971322886814,0.006024833276811223,0.008393852779614958,0.008389533588796096,0.007218309859154929,0.008653774498844921,0.008653774498844921
ENS_MF__BPR_wBorda_0.3_0.7,0.007490140648961999,0.015217057706864972,0.015217057706864972,0.005456150047054321,0.007754818004353587,0.00771776319486954,0.006964006259780908,0.008150290632685,0.008150290632685
ENS_BPR__HFT_all_reviews_text_rrf_k120,0.007717136150234741,0.015168153168523813,0.015168153168523813,0.005818977635284343,0.008744457710949208,0.008715778176551973,0.007042253521126761,0.009342629853193235,0.009342629853193235
ENS_BPR__HFT_all_reviews_text_rrf_k60,0.007717136150234741,0.015168153168523813,0.015168153168523813,0.005818977635284343,0.008744457710949208,0.008715778176551973,0.007042253521126761,0.009342629853193235,0.009342629853193235
ENS_BPR__HFT_all_reviews_text_rrf_k90,0.007717136150234741,0.015168153168523813,0.015168153168523813,0.005818977635284343,0.008744457710949208,0.008715778176551973,0.007042253521126761,0.009342629853193235,0.009342629853193235
ENS_BPR__CTR_all_reviews_text_wMean_0.7_0.3,0.01108117337731867,0.014934850998601923,0.014934850998601923,0.007448142690062452,0.008517403728972493,0.008360891448309716,0.008118153364632237,0.008977010209404576,0.008977010209404576
ENS_BPR__CTR_all_reviews_text_wMean_0.9_0.1,0.01108117337731867,0.014934850998601923,0.014934850998601923,0.007448142690062452,0.008517403728972493,0.008360891448309716,0.008118153364632237,0.008977010209404576,0.008977010209404576
ENS_BPR__HFT_all_reviews_text_rrf_k10,0.007994261867501304,0.014679107785112234,0.014679107785112234,0.0060239460095017055,0.008294114430926675,0.008263466862101053,0.00764866979655712,0.009213149265966168,0.009213149265966168
ENS_BPR__HFT_all_reviews_text_borda,0.00782129423715784,0.014679107785112234,0.014679107785112234,0.0057534285120391035,0.008008820899937949,0.007975536624762697,0.007003129890453834,0.008596952082867575,0.008596952082867575
ENS_BPR__HFT_all_reviews_text_wBorda_0.5_0.5,0.00782129423715784,0.014679107785112234,0.014679107785112234,0.0057534285120391035,0.008008820899937949,0.007975536624762697,0.007003129890453834,0.008596952082867575,0.008596952082867575
ENS_BPR__VAECF_rrf_k120,0.007726917057902973,0.014293674504942108,0.014293674504942108,0.005570780686160352,0.008095461959939848,0.008090748301011357,0.006983568075117371,0.008781392056039942,0.008781392056039942
ENS_BPR__CDL_l_synth_aspect_wBorda_0.3_0.7,0.00679773082942097,0.014255734210330207,0.014255734210330207,0.006193287514157924,0.008680480072006117,0.008587655754284903,0.00764866979655712,0.009097641403979433,0.009097641403979433
ENS_BPR__HFT_m_synth_dense_wBorda_0.7_0.3,0.005405410043104632,0.01424735057518601,0.01424735057518601,0.004614280675460737,0.007409887751662415,0.0073728329421783685,0.006729264475743349,0.008274182129815932,0.008274182129815932
ENS_BPR__HFT_meta_human_wBorda_0.7_0.3,0.005366286412431706,0.014043348786677179,0.014043348786677179,0.004614280675460737,0.007212983580507647,0.007175928771023601,0.006729264475743349,0.007931850361427826,0.007931850361427826
ENS_MF__BPR_rrf_k120,0.005253744690364409,0.014040260078992473,0.014040260078992473,0.0042167370996152595,0.007384576583273602,0.007384576583273602,0.005614241001564945,0.007677081004545794,0.007677081004545794
ENS_MF__BPR_rrf_k60,0.005253744690364409,0.014040260078992473,0.014040260078992473,0.0042167370996152595,0.007384576583273602,0.007384576583273602,0.005614241001564945,0.007677081004545794,0.007677081004545794
ENS_MF__BPR_rrf_k90,0.005253744690364409,0.014040260078992473,0.014040260078992473,0.0042167370996152595,0.007384576583273602,0.007384576583273602,0.005614241001564945,0.007677081004545794,0.007677081004545794
ENS_BPR__CTR_all_reviews_text_mean,0.004136728932874226,0.014015445677788153,0.014015445677788153,0.0034289536557857224,0.006470350933435611,0.006328463262204123,0.004244913928012519,0.005978929130337581,0.005978929130337581
ENS_BPR__CTR_all_reviews_text_wMean_0.5_0.5,0.004136728932874226,0.014015445677788153,0.014015445677788153,0.0034289536557857224,0.006470350933435611,0.006328463262204123,0.004244913928012519,0.005978929130337581,0.005978929130337581
ENS_BPR__VAECF_rrf_k60,0.007726917057902973,0.01400024727489516,0.01400024727489516,0.005570780686160352,0.007956498875755778,0.007951785216827286,0.006983568075117371,0.008643993591176688,0.008643993591176688
ENS_BPR__VAECF_rrf_k90,0.007726917057902973,0.01400024727489516,0.01400024727489516,0.005570780686160352,0.007956498875755778,0.007951785216827286,0.006983568075117371,0.008643993591176688,0.008643993591176688
ENS_BPR__HFT_all_reviews_text_rrf_k30,0.008434402712571728,0.013994444248336018,0.013994444248336018,0.0061078653915420285,0.008213372949814004,0.008184693415416767,0.007472613458528951,0.009186135330501529,0.009186135330501529
ENS_BPR__CDL_meta_only_rrf_k30,0.008758569938147403,0.013934361529802597,0.013934361529802597,0.006561889456211498,0.00844422518294859,0.008390227933365205,0.007296557120500782,0.008723638125046576,0.008723638125046576
ENS_BPR__CDL_all_reviews_text_rrf_k30,0.008758569938147403,0.013934361529802597,0.013934361529802597,0.006253497618718683,0.008128332490952695,0.008071209693466497,0.006572769953051643,0.008032453983158208,0.008032453983158208
ENS_BPR__CDL_meta_human_rrf_k30,0.008758569938147403,0.013934361529802597,0.013934361529802597,0.006202061291443036,0.00808439701818013,0.008030399768596744,0.0065140845070422535,0.007941165511588046,0.007941165511588046
ENS_BPR__CDL_s_synth_dense_rrf_k30,0.008758569938147403,0.013934361529802597,0.013934361529802597,0.006315958560182158,0.008177321920079337,0.008123324670495953,0.0066705790297339595,0.008076700946419256,0.008076700946419256
ENS_BPR__CDL_l_synth_dense_rrf_k30,0.008758569938147403,0.013934361529802597,0.013934361529802597,0.006202061291443036,0.00808439701818013,0.008030399768596744,0.0065140845070422535,0.007941165511588046,0.007941165511588046
ENS_BPR__CDL_l_synth_aspect_rrf_k30,0.008758569938147403,0.013934361529802597,0.013934361529802597,0.006347722044601094,0.008230057771338183,0.0081760605217548,0.006768388106416275,0.008195469110962068,0.008195469110962068
ENS_BPR__CDL_m_synth_dense_rrf_k30,0.0075848610179596095,0.013934361529802597,0.013934361529802597,0.005799445028067813,0.008107243980336862,0.008053246730753479,0.006338028169014085,0.007988672777405172,0.007988672777405172
ENS_BPR__CDL_m_synth_aspect_rrf_k30,0.0075848610179596095,0.013934361529802597,0.013934361529802597,0.005799445028067813,0.00805717149031164,0.008003174240728255,0.006338028169014085,0.007928124301363738,0.007928124301363738
ENS_BPR__CDL_s_synth_aspect_rrf_k30,0.008758569938147403,0.013878470628841275,0.013878470628841275,0.006347722044601094,0.008143828699635392,0.008118957965747147,0.006768388106416275,0.008088344884119532,0.008088344884119532
CDL_s_synth_aspect,0.006525262687234518,0.013860943438408229,0.049631242621420525,0.005726781586175779,0.008068811015453,0.01685033183209932,0.006729264475743348,0.0077902600789924725,0.010214224289176796
ENS_BPR__CTR_s_synth_aspect_mean,0.0059862096555943845,0.013782990339699012,0.013782990339699012,0.0043452660933423655,0.00680621921511683,0.006666443722727114,0.004890453834115806,0.006197835159102765,0.006197835159102765
ENS_BPR__CTR_s_synth_aspect_wMean_0.5_0.5,0.0059862096555943845,0.013782990339699012,0.013782990339699012,0.0043452660933423655,0.00680621921511683,0.006666443722727114,0.004890453834115806,0.006197835159102765,0.006197835159102765
CDL_meta_only,0.0051838810641627545,0.013693270735524258,0.05182216593910441,0.005136177580992071,0.00794784909227586,0.017190375765331965,0.00655320813771518,0.007850808555033907,0.010273429621133263
ENS_BPR__ConvMF_meta_human_wBorda_0.7_0.3,0.005366286412431705,0.013484439777063944,0.013484439777063944,0.004614280675460737,0.007014013301239379,0.006976958491755332,0.006729264475743349,0.007890863700722856,0.007890863700722856
ENS_BPR__CDL_s_synth_dense_wBorda_0.3_0.7,0.00679773082942097,0.013249697993026383,0.013249697993026383,0.006193287514157924,0.008414845320172695,0.008320991535993992,0.00764866979655712,0.008977010209404576,0.008977010209404576
ENS_BPR__CDL_s_synth_aspect_wBorda_0.3_0.7,0.006741839928459646,0.013249697993026383,0.013249697993026383,0.006039290944307757,0.008423727129316041,0.00833505168556531,0.007413928012519562,0.008926242641031373,0.008926242641031373
ENS_BPR__CTR_meta_only_mean,0.0032193158953722333,0.013234965347641403,0.013234965347641403,0.0022345374691657973,0.005528949530550778,0.005528949530550778,0.0029147104851330206,0.004670150532826589,0.004670150532826589
ENS_BPR__CTR_meta_only_wMean_0.5_0.5,0.0032193158953722333,0.013234965347641403,0.013234965347641403,0.0022345374691657973,0.005528949530550778,0.005528949530550778,0.0029147104851330206,0.004670150532826589,0.004670150532826589
ENS_BPR__HFT_m_synth_aspect_wBorda_0.7_0.3,0.005170668259067073,0.013191012547016994,0.013191012547016994,0.004415242996309554,0.006917463996551054,0.006880409187067007,0.006338028169014085,0.007605820105820106,0.007605820105820106
ENS_BPR__HFT_all_reviews_text_wBorda_0.3_0.7,0.007307735300693047,0.013172848004204563,0.013172848004204563,0.00543335815621572,0.007452188259332245,0.007426288058986511,0.006044600938967136,0.007421845890155749,0.007421845890155749
ENS_BPR__CDL_meta_only_wMean_0.7_0.3,0.006026436396154706,0.013084182482811096,0.013084182482811096,0.004853976486750159,0.007572185879995582,0.0075166675772817175,0.006592331768388106,0.008641199046128624,0.008641199046128624
ENS_BPR__CDL_meta_only_wMean_0.9_0.1,0.006026436396154706,0.013084182482811096,0.013084182482811096,0.004853976486750159,0.007572185879995582,0.0075166675772817175,0.006592331768388106,0.008641199046128624,0.008641199046128624
ENS_BPR__CDL_meta_only_wBorda_0.3_0.7,0.00679773082942097,0.013082025290142414,0.013082025290142414,0.006039614094473115,0.008152943230234919,0.008060118912513707,0.007453051643192488,0.008765090543259557,0.008765090543259557
ENS_BPR__VAECF_wMean_0.1_0.9,0.00363849765258216,0.013067292644757433,0.013067292644757433,0.0020984758575734075,0.005416507152019152,0.005416507152019152,0.001936619718309859,0.003879294284223862,0.003879294284223862
ENS_BPR__VAECF_wMean_0.3_0.7,0.00363849765258216,0.013067292644757433,0.013067292644757433,0.0020984758575734075,0.005416507152019152,0.005416507152019152,0.001936619718309859,0.003879294284223862,0.003879294284223862
ENS_BPR__CDL_all_reviews_text_wMean_0.7_0.3,0.007653155776765858,0.013014318856609442,0.013014318856609442,0.006476890053122071,0.008511431577654521,0.00842846772854791,0.008411580594679186,0.009979320366644309,0.009979320366644309
ENS_BPR__CDL_all_reviews_text_wMean_0.9_0.1,0.007653155776765858,0.013014318856609442,0.013014318856609442,0.006476890053122071,0.008511431577654521,0.00842846772854791,0.008411580594679186,0.009979320366644309,0.009979320366644309
ENS_BPR__CDL_m_synth_dense_wMean_0.7_0.3,0.008659191994069683,0.01290067402465475,0.01290067402465475,0.005185724509136653,0.006769110103438671,0.006689955054841049,0.005555555555555556,0.006732059020791415,0.006732059020791415
ENS_BPR__CDL_m_synth_dense_wMean_0.9_0.1,0.008659191994069683,0.01290067402465475,0.01290067402465475,0.005185724509136653,0.006769110103438671,0.006689955054841049,0.005555555555555556,0.006732059020791415,0.006732059020791415
ENS_BPR__HFT_s_synth_aspect_wBorda_0.7_0.3,0.005170668259067073,0.012897585316970047,0.012897585316970047,0.004415242996309554,0.006785016647549958,0.00674796183806591,0.006338028169014085,0.007488449213801326,0.007488449213801326
ENS_BPR__CDL_all_reviews_text_rrf_k120,0.008611856323123928,0.012760652609614804,0.012760652609614804,0.006176280319433597,0.007834234387924079,0.007778840474228792,0.006474960876369326,0.007962590356956553,0.007962590356956553
ENS_BPR__CDL_all_reviews_text_rrf_k60,0.008611856323123928,0.012760652609614804,0.012760652609614804,0.006176280319433597,0.007834234387924079,0.007778840474228792,0.006474960876369326,0.007962590356956553,0.007962590356956553
ENS_BPR__CDL_all_reviews_text_rrf_k90,0.008611856323123928,0.012760652609614804,0.012760652609614804,0.006176280319433597,0.007834234387924079,0.007778840474228792,0.006474960876369326,0.007962590356956553,0.007962590356956553
ENS_BPR__CDL_meta_human_rrf_k120,0.008611856323123928,0.012760652609614804,0.012760652609614804,0.006124843992157949,0.007770851507122804,0.007718011961747552,0.006416275430359937,0.007858260675162083,0.007858260675162083
ENS_BPR__CDL_meta_human_rrf_k60,0.008611856323123928,0.012760652609614804,0.012760652609614804,0.006124843992157949,0.007770851507122804,0.007718011961747552,0.006416275430359937,0.007858260675162083,0.007858260675162083
ENS_BPR__CDL_meta_human_rrf_k90,0.008611856323123928,0.012760652609614804,0.012760652609614804,0.006124843992157949,0.007770851507122804,0.007718011961747552,0.006416275430359937,0.007858260675162083,0.007858260675162083
ENS_BPR__CDL_l_synth_dense_rrf_k120,0.008611856323123928,0.012760652609614804,0.012760652609614804,0.006124843992157949,0.007750017066110391,0.0076971775207351385,0.006416275430359937,0.007817274014457113,0.007817274014457113
ENS_BPR__CDL_l_synth_dense_rrf_k60,0.008611856323123928,0.012760652609614804,0.012760652609614804,0.006124843992157949,0.007750017066110391,0.0076971775207351385,0.006416275430359937,0.007817274014457113,0.007817274014457113
ENS_BPR__CDL_l_synth_dense_rrf_k90,0.008611856323123928,0.012760652609614804,0.012760652609614804,0.006124843992157949,0.007750017066110391,0.0076971775207351385,0.006416275430359937,0.007817274014457113,0.007817274014457113
ENS_BPR__CDL_l_synth_aspect_rrf_k120,0.008611856323123928,0.012760652609614804,0.012760652609614804,0.006176280319433597,0.007815497019379105,0.007762657474003854,0.006474960876369326,0.007889000670690812,0.007889000670690812
ENS_BPR__CDL_l_synth_aspect_rrf_k60,0.008611856323123928,0.012760652609614804,0.012760652609614804,0.006176280319433597,0.007815497019379105,0.007762657474003854,0.006474960876369326,0.007889000670690812,0.007889000670690812
ENS_BPR__CDL_l_synth_aspect_rrf_k90,0.008611856323123928,0.012760652609614804,0.012760652609614804,0.006176280319433597,0.007815497019379105,0.007762657474003854,0.006474960876369326,0.007889000670690812,0.007889000670690812
ENS_BPR__CDL_m_synth_aspect_rrf_k120,0.007438147402936135,0.012760652609614804,0.012760652609614804,0.005722227728782726,0.007757807531074881,0.007704967985699629,0.006240219092331768,0.00783823310231761,0.00783823310231761
ENS_BPR__CDL_m_synth_aspect_rrf_k60,0.007438147402936135,0.012760652609614804,0.012760652609614804,0.005722227728782726,0.007757807531074881,0.007704967985699629,0.006240219092331768,0.00783823310231761,0.00783823310231761
ENS_BPR__CDL_m_synth_aspect_rrf_k90,0.007438147402936135,0.012760652609614804,0.012760652609614804,0.005722227728782726,0.007757807531074881,0.007704967985699629,0.006240219092331768,0.00783823310231761,0.00783823310231761
ENS_BPR__CTR_m_synth_aspect_wMean_0.7_0.3,0.008134283282541252,0.012692186255937182,0.012692186255937182,0.005642876622199339,0.007107047066529243,0.0070699922570451965,0.006787949921752738,0.007842424919889708,0.007842424919889708
ENS_BPR__CTR_m_synth_aspect_wMean_0.9_0.1,0.008134283282541252,0.012692186255937182,0.012692186255937182,0.005642876622199339,0.007107047066529243,0.0070699922570451965,0.006787949921752738,0.007842424919889708,0.007842424919889708
ENS_BPR__CTR_l_synth_dense_wMean_0.1_0.9,0.004107981220657277,0.01267605633802817,0.01267605633802817,0.002368863401483885,0.005417680972812188,0.005417680972812188,0.002386541471048513,0.004159680304046501,0.004159680304046501
ENS_BPR__CTR_l_synth_dense_wMean_0.3_0.7,0.004107981220657277,0.01267605633802817,0.01267605633802817,0.002368863401483885,0.005417680972812188,0.005417680972812188,0.002386541471048513,0.004159680304046501,0.004159680304046501
ENS_BPR__CDL_meta_only_wBorda_0.1_0.9,0.006357589984350548,0.012666275430359938,0.012666275430359938,0.00559023017164294,0.007814653684219772,0.007740730997398425,0.006787949921752738,0.007997522170057381,0.007997522170057381
ENS_BPR__CDL_m_synth_dense_wBorda_0.3_0.7,0.00679773082942097,0.012662843532932486,0.012662843532932486,0.006039614094473115,0.008055818489421171,0.007962994171699957,0.007453051643192488,0.008650979953796855,0.008650979953796855
ENS_BPR__HFT_l_synth_dense_wBorda_0.7_0.3,0.005288039151085852,0.01262371990225956,0.01262371990225956,0.004614280675460737,0.006717980765135447,0.0066809259556514,0.006729264475743349,0.0076840673671659575,0.0076840673671659575
ENS_BPR__HFT_meta_only_wBorda_0.7_0.3,0.005170668259067073,0.01262371990225956,0.01262371990225956,0.004415242996309554,0.006680835678081029,0.006643780868596983,0.006338028169014085,0.007488449213801326,0.007488449213801326
ENS_BPR__CDL_meta_only_rrf_k120,0.008611856323123928,0.01256503445625017,0.01256503445625017,0.006124843992157949,0.007668185176017865,0.007615345630642612,0.006416275430359937,0.007740889783143305,0.007740889783143305
ENS_BPR__CDL_meta_only_rrf_k60,0.008611856323123928,0.01256503445625017,0.01256503445625017,0.006124843992157949,0.007668185176017865,0.007615345630642612,0.006416275430359937,0.007740889783143305,0.007740889783143305
ENS_BPR__CDL_meta_only_rrf_k90,0.008611856323123928,0.01256503445625017,0.01256503445625017,0.006124843992157949,0.007668185176017865,0.007615345630642612,0.006416275430359937,0.007740889783143305,0.007740889783143305
ENS_BPR__CDL_s_synth_dense_rrf_k120,0.008611856323123928,0.01256503445625017,0.01256503445625017,0.006144516835014661,0.007687858018874576,0.007635018473499323,0.00637715179968701,0.007701766152470379,0.007701766152470379
ENS_BPR__CDL_s_synth_dense_rrf_k60,0.008611856323123928,0.01256503445625017,0.01256503445625017,0.006144516835014661,0.007687858018874576,0.007635018473499323,0.00637715179968701,0.007701766152470379,0.007701766152470379
ENS_BPR__CDL_s_synth_dense_rrf_k90,0.008611856323123928,0.01256503445625017,0.01256503445625017,0.006144516835014661,0.007687858018874576,0.007635018473499323,0.00637715179968701,0.007701766152470379,0.007701766152470379
ENS_BPR__CDL_m_synth_dense_rrf_k120,0.007438147402936135,0.01256503445625017,0.01256503445625017,0.005722227728782726,0.007684241323155251,0.007631401777779999,0.006240219092331768,0.007760451598479767,0.007760451598479767
ENS_BPR__CDL_m_synth_dense_rrf_k60,0.007438147402936135,0.01256503445625017,0.01256503445625017,0.005722227728782726,0.007684241323155251,0.007631401777779999,0.006240219092331768,0.007760451598479767,0.007760451598479767
ENS_BPR__CDL_m_synth_dense_rrf_k90,0.007438147402936135,0.01256503445625017,0.01256503445625017,0.005722227728782726,0.007684241323155251,0.007631401777779999,0.006240219092331768,0.007760451598479767,0.007760451598479767
CDL_l_synth_aspect,0.006525262687234518,0.012519561815336465,0.04965918807190119,0.005744226741493108,0.00763286078207422,0.016752419252684274,0.006787949921752738,0.007744615843207392,0.010222656576804845
ENS_BPR__CDL_s_synth_aspect_rrf_k120,0.008611856323123928,0.012509143555288846,0.012509143555288846,0.006193725474750926,0.007664803498881437,0.007639932764993192,0.006533646322378716,0.00775719129592369,0.00775719129592369
ENS_BPR__CDL_s_synth_aspect_rrf_k60,0.008611856323123928,0.012509143555288846,0.012509143555288846,0.006193725474750926,0.007664803498881437,0.007639932764993192,0.006533646322378716,0.00775719129592369,0.00775719129592369
ENS_BPR__CDL_s_synth_aspect_rrf_k90,0.008611856323123928,0.012509143555288846,0.012509143555288846,0.006193725474750926,0.007664803498881437,0.007639932764993192,0.006533646322378716,0.00775719129592369,0.00775719129592369
ENS_BPR__ConvMF_s_synth_aspect_wBorda_0.7_0.3,0.005170668259067073,0.012506349010240782,0.012506349010240782,0.004415242996309554,0.006561971684239052,0.006524916874755005,0.006338028169014085,0.007264885609956033,0.007264885609956033
ENS_BPR__ConvMF_l_synth_dense_wBorda_0.7_0.3,0.005170668259067073,0.012506349010240782,0.012506349010240782,0.004415242996309554,0.006567846563613563,0.006530791754129517,0.006338028169014085,0.0072718719725761985,0.0072718719725761985
ENS_BPR__CDL_s_synth_aspect_wBorda_0.1_0.9,0.007698971607422311,0.012470657276995305,0.012470657276995305,0.006232270504102296,0.007743417414217665,0.007673734946593784,0.007022691705790296,0.007841027647365675,0.007841027647365675
ENS_BPR__HFT_all_reviews_text_wBorda_0.1_0.9,0.006867594455622625,0.012393807288173487,0.012393807288173487,0.0050688233285324045,0.006901335821580075,0.006901335821580075,0.005516431924882629,0.006610030553692525,0.006610030553692525
CDL_m_synth_dense,0.006525262687234518,0.012393807288173487,0.05223016951612207,0.005744226741493108,0.0075474108306576426,0.017209151422999943,0.006787949921752738,0.007557381324986958,0.010243539715391992
ENS_MF__BPR_borda,0.007193624711230345,0.012347991457517032,0.012347991457517032,0.004738430862539741,0.006590251376586752,0.006559603807761131,0.005007824726134585,0.0063836724047991655,0.0063836724047991655
ENS_MF__BPR_wBorda_0.5_0.5,0.007193624711230345,0.012347991457517032,0.012347991457517032,0.004738430862539741,0.006590251376586752,0.006559603807761131,0.005007824726134585,0.0063836724047991655,0.0063836724047991655
CDL_s_synth_dense,0.006357589984350548,0.012226134585289516,0.051713178682229834,0.00559023017164294,0.007464479927725528,0.017111720711805643,0.006787949921752738,0.0075848610179596095,0.010232943182642113
CDL_all_reviews_text,0.0051838810641627545,0.012226134585289516,0.05087202062276191,0.005163773534975757,0.0074710457806557015,0.016882177800306597,0.006651017214397496,0.007656587674193308,0.01023596777376579
ENS_BPR__HFT_s_synth_dense_wBorda_0.7_0.3,0.005506013664835014,0.012196154509905435,0.012196154509905435,0.00481331835461192,0.006798368963336737,0.00676131415385269,0.007120500782472613,0.008270921827259857,0.008270921827259857
ENS_BPR__ConvMF_s_synth_aspect_wMean_0.1_0.9,0.0029342723004694834,0.012089201877934273,0.012089201877934273,0.0018633744835573672,0.005116547821358745,0.005116547821358745,0.0020931142410015647,0.003938445487741262,0.003938445487741262
ENS_BPR__ConvMF_s_synth_aspect_wMean_0.3_0.7,0.0029342723004694834,0.012089201877934273,0.012089201877934273,0.0018633744835573672,0.005116547821358745,0.005116547821358745,0.0020931142410015647,0.003938445487741262,0.003938445487741262
ENS_BPR__VAECF_borda,0.005914017241852676,0.011919494550146886,0.011919494550146886,0.004328333874058733,0.006225408469298868,0.006192124194123617,0.006025039123630673,0.007255570459795811,0.007255570459795811
ENS_BPR__VAECF_wBorda_0.5_0.5,0.005914017241852676,0.011919494550146886,0.011919494550146886,0.004328333874058733,0.006225408469298868,0.006192124194123617,0.006025039123630673,0.007255570459795811,0.007255570459795811
ENS_BPR__ConvMF_m_synth_aspect_wBorda_0.7_0.3,0.00497505010570244,0.011919494550146886,0.011919494550146886,0.0042612464264593876,0.006416197816717195,0.0063791430072331476,0.006103286384976526,0.007253707429763767,0.007253707429763767
ENS_BPR__HFT_m_synth_dense_rrf_k10,0.005245826812728222,0.011899932734810423,0.011899932734810423,0.0043652274302624205,0.00665667102376027,0.00662602345493465,0.006298904538341157,0.007875027945450482,0.007875027945450482
ENS_BPR__HFT_meta_human_borda,0.005522780935123411,0.011891549099666223,0.011891549099666223,0.004180564630818463,0.006302852962093112,0.0062695686869178625,0.0056533646322378716,0.007201542588866533,0.007201542588866533
ENS_BPR__HFT_meta_human_wBorda_0.5_0.5,0.005522780935123411,0.011891549099666223,0.011891549099666223,0.004180564630818463,0.006302852962093112,0.0062695686869178625,0.0056533646322378716,0.007201542588866533,0.007201542588866533
ENS_BPR__HFT_meta_human_rrf_k10,0.004454970564125494,0.011891549099666223,0.011891549099666223,0.003695284747942834,0.006281886759697458,0.006253207225300224,0.004773082942097026,0.0064935911766897695,0.0064935911766897695
ENS_BPR__ConvMF_s_synth_dense_wBorda_0.7_0.3,0.005405410043104632,0.011880370919473958,0.011880370919473958,0.004614280675460737,0.006550412509400395,0.006513357699916349,0.006729264475743349,0.007788397048960429,0.007788397048960429
ENS_BPR__CDL_s_synth_dense_wMean_0.7_0.3,0.007653155776765858,0.011865466679217606,0.011865466679217606,0.006367574060090706,0.007881605617386435,0.007827321302677062,0.0077660406885758995,0.00907295625605485,0.00907295625605485
ENS_BPR__CDL_s_synth_dense_wMean_0.9_0.1,0.007653155776765858,0.011865466679217606,0.011865466679217606,0.006367574060090706,0.007881605617386435,0.007827321302677062,0.0077660406885758995,0.00907295625605485,0.00907295625605485
ENS_BPR__ConvMF_m_synth_dense_wBorda_0.7_0.3,0.005229353705076463,0.011626067320099936,0.011626067320099936,0.00449034269992893,0.006387632384767067,0.0063505775752830205,0.00649452269170579,0.007449325583128399,0.007449325583128399
ENS_BPR__ConvMF_meta_only_wBorda_0.7_0.3,0.005366286412431705,0.011528258243417619,0.011528258243417619,0.004614280675460737,0.0063483189535067435,0.006311264144022697,0.006729264475743349,0.007488449213801326,0.007488449213801326
ENS_BPR__HFT_m_synth_dense_wMean_0.1_0.9,0.004107981220657277,0.011502347417840376,0.011502347417840376,0.0027087932786519276,0.005344128023446387,0.005344128023446387,0.0031690140845070424,0.0047893844548774125,0.0047893844548774125
ENS_BPR__HFT_m_synth_dense_wMean_0.3_0.7,0.004107981220657277,0.011502347417840376,0.011502347417840376,0.0027087932786519276,0.005344128023446387,0.005344128023446387,0.0031690140845070424,0.0047893844548774125,0.0047893844548774125
ENS_BPR__CDL_m_synth_dense_wBorda_0.1_0.9,0.007698971607422311,0.011492566510172145,0.011492566510172145,0.006198279332143978,0.007411272410721142,0.007337349723899794,0.007022691705790296,0.007782342201356286,0.007782342201356286
ENS_BPR__CDL_l_synth_aspect_wBorda_0.1_0.9,0.007698971607422311,0.011492566510172145,0.011492566510172145,0.006198279332143978,0.0074733804134526505,0.007399457726631302,0.007022691705790296,0.007861986735226171,0.007861986735226171
ENS_BPR__CDL_meta_human_wBorda_0.3_0.7,0.00679773082942097,0.011489134612744693,0.011489134612744693,0.006193287514157924,0.007853496397111628,0.0077596426129329255,0.00764866979655712,0.008729227215142707,0.008729227215142707
ENS_BPR__CDL_m_synth_aspect_wBorda_0.3_0.7,0.00679773082942097,0.011489134612744693,0.011489134612744693,0.006193287514157924,0.007850405510661585,0.0077575811929403715,0.00764866979655712,0.008716186004918398,0.008716186004918398
ENS_MF__BPR_wBorda_0.7_0.3,0.007258830762351889,0.01146770976737619,0.01146770976737619,0.004678439825280728,0.006227986472527937,0.006202086272182203,0.004812206572769952,0.0060669572993516645,0.0060669572993516645
ENS_BPR__ConvMF_l_synth_aspect_wBorda_0.7_0.3,0.005170668259067073,0.011463052192296076,0.011463052192296076,0.004415242996309554,0.006250481153235479,0.006213426343751433,0.006338028169014085,0.007214583799090841,0.007214583799090841
ENS_BPR__HFT_l_synth_dense_rrf_k10,0.006556468440271257,0.011450010982071768,0.011450010982071768,0.004392880957576015,0.005991871462178292,0.005961223893352671,0.005164319248826292,0.006423727550488114,0.006423727550488114
ENS_BPR__HFT_l_synth_dense_rrf_k30,0.005382759520083464,0.011450010982071768,0.011450010982071768,0.004194017047324141,0.006261760605334375,0.006234618447979687,0.0044796557120500785,0.0058368730903942175,0.0058368730903942175
ENS_BPR__HFT_l_synth_dense_rrf_k120,0.005252347417840375,0.011450010982071768,0.011450010982071768,0.0035372743731821596,0.005759092056754186,0.0057331918564084506,0.003403755868544601,0.00491933079961249,0.00491933079961249
ENS_BPR__HFT_l_synth_dense_rrf_k60,0.005252347417840375,0.011450010982071768,0.011450010982071768,0.003970455413591247,0.006192273097163273,0.0061663728968175385,0.003990610328638498,0.005506185259706387,0.005506185259706387
ENS_BPR__HFT_l_synth_dense_rrf_k90,0.005252347417840375,0.011450010982071768,0.011450010982071768,0.0035372743731821596,0.005759092056754186,0.0057331918564084506,0.003403755868544601,0.00491933079961249,0.00491933079961249
ENS_MF__BPR_rrf_k30,0.0067208808405991504,0.011363380085581716,0.011363380085581716,0.004848042763303461,0.006498423792995371,0.006472523592649636,0.006083724569640063,0.007306338028169014,0.007306338028169014
CDL_meta_human,0.006357589984350548,0.01134585289514867,0.048681097305078025,0.00559023017164294,0.007284011105494744,0.01648734149602117,0.006787949921752738,0.007593244653103809,0.010129776295528914
CDL_m_synth_aspect,0.006357589984350548,0.01134585289514867,0.04965918807190119,0.00559023017164294,0.0072880411236002085,0.016769629914504744,0.006787949921752738,0.007597902228183918,0.010200549770091303
CDL_l_synth_dense,0.006357589984350548,0.01134585289514867,0.050078369829111125,0.00559023017164294,0.007299218665045167,0.016776892912846734,0.006787949921752738,0.007614203740964305,0.010177958187761668
ENS_BPR__ConvMF_all_reviews_text_wBorda_0.7_0.3,0.005170668259067073,0.011332640090052989,0.011332640090052989,0.004415242996309554,0.006170735377509787,0.00613368056802574,0.006338028169014085,0.007097212907072061,0.007097212907072061
ENS_BPR__HFT_l_synth_aspect_wBorda_0.7_0.3,0.005170668259067073,0.011332640090052989,0.011332640090052989,0.004415242996309554,0.006170735377509787,0.00613368056802574,0.006338028169014085,0.007097212907072061,0.007097212907072061
ENS_BPR__CDL_all_reviews_text_wBorda_0.3_0.7,0.00679773082942097,0.011321461909860723,0.011321461909860723,0.006210732669475253,0.007723738013276968,0.007625644009900797,0.00770735524256651,0.00873900812281094,0.00873900812281094
ENS_BPR__CDL_l_synth_dense_wBorda_0.3_0.7,0.00679773082942097,0.011321461909860723,0.011321461909860723,0.006193287514157924,0.00776023691420932,0.007666383130030616,0.00764866979655712,0.008729227215142707,0.008729227215142707
ENS_BPR__HFT_meta_human_wMean_0.1_0.9,0.004107981220657277,0.011306729264475745,0.011306729264475745,0.0022675380204404696,0.004830293152697063,0.004830293152697063,0.0022300469483568074,0.0038010470228780095,0.0038010470228780095
ENS_BPR__HFT_meta_human_wMean_0.3_0.7,0.004107981220657277,0.011306729264475745,0.011306729264475745,0.0022675380204404696,0.004830293152697063,0.004830293152697063,0.0022300469483568074,0.0038010470228780095,0.0038010470228780095
ENS_BPR__HFT_meta_human_rrf_k30,0.004454970564125494,0.011304694639572326,0.011304694639572326,0.003695284747942834,0.006144414291970813,0.006117272134616125,0.004773082942097026,0.006456330576048886,0.006456330576048886
ENS_BPR__CDL_meta_human_wBorda_0.1_0.9,0.0075312989045383414,0.011296948356807512,0.011296948356807512,0.006044282762293811,0.007360690991887822,0.007286768305066474,0.007022691705790296,0.007723656755346897,0.007723656755346897
ENS_BPR__CDL_m_synth_aspect_wBorda_0.1_0.9,0.0075312989045383414,0.011296948356807512,0.011296948356807512,0.006095719089569459,0.007381141344435955,0.0073072186576146085,0.007081377151799687,0.007752999478351592,0.007752999478351592
ENS_BPR__CDL_l_synth_dense_wBorda_0.1_0.9,0.0075312989045383414,0.011296948356807512,0.011296948356807512,0.006095719089569459,0.00740636251187398,0.0073324398250526335,0.007081377151799687,0.007782342201356286,0.007782342201356286
ENS_BPR__CDL_all_reviews_text_wBorda_0.1_0.9,0.006357589984350548,0.011296948356807512,0.011296948356807512,0.005669262452902276,0.007357315385330705,0.00727668522633582,0.006944444444444444,0.00781168492436098,0.00781168492436098
ENS_BPR__ConvMF_m_synth_aspect_rrf_k30,0.006671976302257991,0.011268659716584103,0.011268659716584103,0.004915220650368944,0.0065321698495244065,0.006481398915290427,0.005809859154929577,0.006979842015053283,0.006979842015053283
ENS_BPR__ConvMF_l_synth_dense_wMean_0.1_0.9,0.0029342723004694834,0.011189358372456965,0.011189358372456965,0.0018633744835573672,0.004758204106319787,0.004758204106319787,0.0020931142410015647,0.0036678403755868545,0.0036678403755868545
ENS_BPR__ConvMF_l_synth_dense_wMean_0.3_0.7,0.0029342723004694834,0.011189358372456965,0.011189358372456965,0.0018633744835573672,0.004758204106319787,0.004758204106319787,0.0020931142410015647,0.0036678403755868545,0.0036678403755868545
ENS_BPR__CDL_all_reviews_text_mean,0.005892592396484169,0.011174282537329237,0.011174282537329237,0.004935201577847267,0.006509475106496542,0.006466455804900688,0.006827073552425665,0.007622121618600491,0.007622121618600491
ENS_BPR__CDL_all_reviews_text_wMean_0.5_0.5,0.005892592396484169,0.011174282537329237,0.011174282537329237,0.004935201577847267,0.006509475106496542,0.006466455804900688,0.006827073552425665,0.007622121618600491,0.007622121618600491
HFT_all_reviews_text,0.006867594455622625,0.011171193829644533,0.033428390206559216,0.0050688233285324045,0.006514747821468882,0.011778003003142195,0.005516431924882629,0.006270959087860497,0.007687468122633321
ENS_BPR__ConvMF_meta_human_rrf_k30,0.005917449139280125,0.011117460121351895,0.011117460121351895,0.003514525215476633,0.0054517372501674335,0.005423057715770198,0.003892801251956181,0.005450760116253074,0.005450760116253074
ENS_BPR__ConvMF_meta_human_rrf_k120,0.005692488262910798,0.011117460121351895,0.011117460121351895,0.0032823972874793587,0.005303315848779131,0.005274636314381895,0.00363849765258216,0.005306841046277666,0.005306841046277666
ENS_BPR__ConvMF_meta_human_rrf_k60,0.005692488262910798,0.011117460121351895,0.011117460121351895,0.003210281620866111,0.005231200182165882,0.005202520647768647,0.003442879499217527,0.005111222892913033,0.005111222892913033
ENS_BPR__ConvMF_meta_human_rrf_k90,0.005692488262910798,0.011117460121351895,0.011117460121351895,0.0032823972874793587,0.005303315848779131,0.005274636314381895,0.00363849765258216,0.005306841046277666,0.005306841046277666
ENS_BPR__HFT_meta_human_rrf_k120,0.005889503688799464,0.011109076486207695,0.011109076486207695,0.00428031686254486,0.00627371774492167,0.006247817544575936,0.004968701095461659,0.006503372084357999,0.006503372084357999
ENS_BPR__HFT_meta_human_rrf_k60,0.005889503688799464,0.011109076486207695,0.011109076486207695,0.00428031686254486,0.00627371774492167,0.006247817544575936,0.004968701095461659,0.006503372084357999,0.006503372084357999
ENS_BPR__HFT_meta_human_rrf_k90,0.005889503688799464,0.011109076486207695,0.011109076486207695,0.00428031686254486,0.00627371774492167,0.006247817544575936,0.004968701095461659,0.006503372084357999,0.006503372084357999
ENS_BPR__CTR_m_synth_aspect_mean,0.003944966092853417,0.011068555583010736,0.011068555583010736,0.0033861850751065524,0.0059119089724001895,0.005884766815045501,0.004244913928012519,0.005959367315001118,0.005959367315001118
ENS_BPR__CTR_m_synth_aspect_wMean_0.5_0.5,0.003944966092853417,0.011068555583010736,0.011068555583010736,0.0033861850751065524,0.0059119089724001895,0.005884766815045501,0.004244913928012519,0.005959367315001118,0.005959367315001118
ENS_BPR__CTR_l_synth_aspect_wMean_0.7_0.3,0.006063273580879215,0.011065509216917667,0.011065509216917667,0.003545485281386049,0.005225000677034705,0.005156445100150391,0.003990610328638497,0.005017139876294806,0.005017139876294806
ENS_BPR__CTR_l_synth_aspect_wMean_0.9_0.1,0.006063273580879215,0.011065509216917667,0.011065509216917667,0.003545485281386049,0.005225000677034705,0.005156445100150391,0.003990610328638497,0.005017139876294806,0.005017139876294806
ENS_BPR__CDL_m_synth_dense_mean,0.004208879005024298,0.011006609834445269,0.011006609834445269,0.002631011029860161,0.004940401268089572,0.004897381966493718,0.003012519561815337,0.0042654072583650044,0.0042654072583650044
ENS_BPR__CDL_m_synth_dense_wMean_0.5_0.5,0.004208879005024298,0.011006609834445269,0.011006609834445269,0.002631011029860161,0.004940401268089572,0.004897381966493718,0.003012519561815337,0.0042654072583650044,0.0042654072583650044
ENS_BPR__CDL_l_synth_dense_wMean_0.7_0.3,0.005685796062927271,0.010975232486537156,0.010975232486537156,0.0034799409817876112,0.005449454756478243,0.005380535254536654,0.003794992175273865,0.005260731052984574,0.005260731052984574
ENS_BPR__CDL_l_synth_dense_wMean_0.9_0.1,0.005685796062927271,0.010975232486537156,0.010975232486537156,0.0034799409817876112,0.005449454756478243,0.005380535254536654,0.003794992175273865,0.005260731052984574,0.005260731052984574
ENS_BPR__ConvMF_l_synth_aspect_wMean_0.1_0.9,0.002347417840375587,0.01091549295774648,0.01091549295774648,0.0015849734122319022,0.004683653738593553,0.004683653738593553,0.0018583724569640062,0.0036874021909233177,0.0036874021909233177
ENS_BPR__ConvMF_l_synth_aspect_wMean_0.3_0.7,0.002347417840375587,0.01091549295774648,0.01091549295774648,0.0015849734122319022,0.004683653738593553,0.004683653738593553,0.0018583724569640062,0.0036874021909233177,0.0036874021909233177
ENS_BPR__HFT_l_synth_dense_borda,0.006031388133871455,0.010863156521977871,0.010863156521977871,0.004378533185746071,0.0057144054344725565,0.005681121159297305,0.005535993740219092,0.0063799463447350765,0.0063799463447350765
ENS_BPR__HFT_l_synth_dense_wBorda_0.5_0.5,0.006031388133871455,0.010863156521977871,0.010863156521977871,0.004378533185746071,0.0057144054344725565,0.005681121159297305,0.005535993740219092,0.0063799463447350765,0.0063799463447350765
ENS_BPR__HFT_s_synth_dense_rrf_k120,0.005532096085283632,0.01082682743635301,0.01082682743635301,0.003952281318065298,0.005773056718789981,0.0057187724040806045,0.004968701095461659,0.006350603621730382,0.006350603621730382
ENS_BPR__HFT_s_synth_dense_rrf_k60,0.005532096085283632,0.01082682743635301,0.01082682743635301,0.004099199088651083,0.005868396299100456,0.005782357695908749,0.005555555555555556,0.006937458081824279,0.006937458081824279
ENS_BPR__HFT_s_synth_dense_rrf_k90,0.005532096085283632,0.01082682743635301,0.01082682743635301,0.004099199088651083,0.005868396299100456,0.005782357695908749,0.005555555555555556,0.006937458081824279,0.006937458081824279
ENS_BPR__ConvMF_l_synth_dense_borda,0.005522780935123412,0.01074578562995909,0.01074578562995909,0.00405580765896836,0.005689477806302198,0.005656193531126946,0.005203442879499218,0.00625931515016022,0.00625931515016022
ENS_BPR__ConvMF_l_synth_dense_wBorda_0.5_0.5,0.005522780935123412,0.01074578562995909,0.01074578562995909,0.00405580765896836,0.005689477806302198,0.005656193531126946,0.005203442879499218,0.00625931515016022,0.00625931515016022
ENS_BPR__HFT_m_synth_dense_borda,0.006090073579880845,0.010726223814622628,0.010726223814622628,0.004497902817760918,0.006139855243839264,0.006106570968664013,0.006181533646322379,0.0075322304195543635,0.0075322304195543635
ENS_BPR__HFT_m_synth_dense_wBorda_0.5_0.5,0.006090073579880845,0.010726223814622628,0.010726223814622628,0.004497902817760918,0.006139855243839264,0.006106570968664013,0.006181533646322379,0.0075322304195543635,0.0075322304195543635
ENS_BPR__ConvMF_s_synth_dense_wMean_0.1_0.9,0.004107981220657277,0.010719874804381847,0.010719874804381847,0.0021332504287651815,0.004691603191335088,0.004691603191335088,0.001936619718309859,0.003740964304344586,0.003740964304344586
ENS_BPR__ConvMF_s_synth_dense_wMean_0.3_0.7,0.004107981220657277,0.010719874804381847,0.010719874804381847,0.0021332504287651815,0.004691603191335088,0.004691603191335088,0.001936619718309859,0.003740964304344586,0.003740964304344586
ENS_BPR__CDL_meta_only_wMean_0.1_0.9,0.002347417840375587,0.010719874804381847,0.010719874804381847,0.0015849734122319022,0.004704456548025611,0.004704456548025611,0.0018583724569640062,0.003832252775914748,0.003832252775914748
ENS_BPR__CDL_meta_only_wMean_0.3_0.7,0.002347417840375587,0.010719874804381847,0.010719874804381847,0.0015849734122319022,0.004704456548025611,0.004704456548025611,0.0018583724569640062,0.003832252775914748,0.003832252775914748
ENS_BPR__CDL_all_reviews_text_wMean_0.1_0.9,0.002347417840375587,0.010719874804381847,0.010719874804381847,0.0015849734122319022,0.004718500174018678,0.004718500174018678,0.0018583724569640062,0.0038452939861390563,0.0038452939861390563
ENS_BPR__CDL_all_reviews_text_wMean_0.3_0.7,0.002347417840375587,0.010719874804381847,0.010719874804381847,0.0015849734122319022,0.004718500174018678,0.004718500174018678,0.0018583724569640062,0.0038452939861390563,0.0038452939861390563
ENS_BPR__CDL_meta_human_wMean_0.1_0.9,0.002347417840375587,0.010719874804381847,0.010719874804381847,0.0015849734122319022,0.004718500174018678,0.004718500174018678,0.0018583724569640062,0.0038452939861390563,0.0038452939861390563
ENS_BPR__CDL_meta_human_wMean_0.3_0.7,0.002347417840375587,0.010719874804381847,0.010719874804381847,0.0015849734122319022,0.004718500174018678,0.004718500174018678,0.0018583724569640062,0.0038452939861390563,0.0038452939861390563
ENS_BPR__CDL_s_synth_dense_wMean_0.1_0.9,0.002347417840375587,0.010719874804381847,0.010719874804381847,0.0015849734122319022,0.004718500174018678,0.004718500174018678,0.0018583724569640062,0.0038452939861390563,0.0038452939861390563
ENS_BPR__CDL_s_synth_dense_wMean_0.3_0.7,0.002347417840375587,0.010719874804381847,0.010719874804381847,0.0015849734122319022,0.004718500174018678,0.004718500174018678,0.0018583724569640062,0.0038452939861390563,0.0038452939861390563
ENS_BPR__CDL_s_synth_aspect_wMean_0.1_0.9,0.002347417840375587,0.010719874804381847,0.010719874804381847,0.0015849734122319022,0.004718500174018678,0.004718500174018678,0.0018583724569640062,0.0038452939861390563,0.0038452939861390563
ENS_BPR__CDL_s_synth_aspect_wMean_0.3_0.7,0.002347417840375587,0.010719874804381847,0.010719874804381847,0.0015849734122319022,0.004718500174018678,0.004718500174018678,0.0018583724569640062,0.0038452939861390563,0.0038452939861390563
ENS_BPR__CDL_m_synth_dense_wMean_0.1_0.9,0.002347417840375587,0.010719874804381847,0.010719874804381847,0.0015849734122319022,0.004718500174018678,0.004718500174018678,0.0018583724569640062,0.0038452939861390563,0.0038452939861390563
ENS_BPR__CDL_m_synth_dense_wMean_0.3_0.7,0.002347417840375587,0.010719874804381847,0.010719874804381847,0.0015849734122319022,0.004718500174018678,0.004718500174018678,0.0018583724569640062,0.0038452939861390563,0.0038452939861390563
ENS_BPR__CDL_m_synth_aspect_wMean_0.1_0.9,0.002347417840375587,0.010719874804381847,0.010719874804381847,0.0015849734122319022,0.004718500174018678,0.004718500174018678,0.0018583724569640062,0.0038452939861390563,0.0038452939861390563
ENS_BPR__CDL_m_synth_aspect_wMean_0.3_0.7,0.002347417840375587,0.010719874804381847,0.010719874804381847,0.0015849734122319022,0.004718500174018678,0.004718500174018678,0.0018583724569640062,0.0038452939861390563,0.0038452939861390563
ENS_BPR__CDL_l_synth_dense_wMean_0.1_0.9,0.002347417840375587,0.010719874804381847,0.010719874804381847,0.0015849734122319022,0.004718500174018678,0.004718500174018678,0.0018583724569640062,0.0038452939861390563,0.0038452939861390563
ENS_BPR__CDL_l_synth_dense_wMean_0.3_0.7,0.002347417840375587,0.010719874804381847,0.010719874804381847,0.0015849734122319022,0.004718500174018678,0.004718500174018678,0.0018583724569640062,0.0038452939861390563,0.0038452939861390563
ENS_BPR__CDL_l_synth_aspect_wMean_0.1_0.9,0.002347417840375587,0.010719874804381847,0.010719874804381847,0.0015849734122319022,0.004713884328757431,0.004713884328757431,0.0018583724569640062,0.00382433489827856,0.00382433489827856
ENS_BPR__CDL_l_synth_aspect_wMean_0.3_0.7,0.002347417840375587,0.010719874804381847,0.010719874804381847,0.0015849734122319022,0.004713884328757431,0.004713884328757431,0.0018583724569640062,0.00382433489827856,0.00382433489827856
ENS_BPR__CDL_meta_human_wMean_0.7_0.3,0.006619639866489385,0.01071440828205098,0.01071440828205098,0.003785257547775776,0.005333732713266156,0.005274548237745172,0.0037558685446009393,0.005080948654892317,0.005080948654892317
ENS_BPR__CDL_meta_human_wMean_0.9_0.1,0.006619639866489385,0.01071440828205098,0.01071440828205098,0.003785257547775776,0.005333732713266156,0.005274548237745172,0.0037558685446009393,0.005080948654892317,0.005080948654892317
ENS_BPR__ConvMF_meta_human_wBorda_0.3_0.7,0.0037656494522691703,0.010706661999286165,0.010706661999286165,0.0024796493876607824,0.004882991170969889,0.004858120437081644,0.00352112676056338,0.0051838810641627545,0.0051838810641627545
ENS_BPR__CTR_l_synth_aspect_mean,0.004587245696400626,0.010651408450704225,0.010651408450704225,0.0027358700193012633,0.004546176919954833,0.004546176919954833,0.003149452269170579,0.003961267605633803,0.003961267605633803
ENS_BPR__CTR_l_synth_aspect_wMean_0.5_0.5,0.004587245696400626,0.010651408450704225,0.010651408450704225,0.0027358700193012633,0.004546176919954833,0.004546176919954833,0.003149452269170579,0.003961267605633803,0.003961267605633803
ENS_BPR__CDL_l_synth_aspect_wMean_0.7_0.3,0.006500405944438561,0.010539749216546844,0.010539749216546844,0.0038377587316399072,0.005319307237121306,0.005249145778170762,0.003599374021909233,0.004733493553916088,0.004733493553916088
ENS_BPR__CDL_l_synth_aspect_wMean_0.9_0.1,0.006500405944438561,0.010539749216546844,0.010539749216546844,0.0038377587316399072,0.005319307237121306,0.005249145778170762,0.003599374021909233,0.004733493553916088,0.004733493553916088
ENS_BPR__CTR_m_synth_dense_mean,0.004254694835680751,0.010525653923541248,0.010525653923541248,0.0028344165308868676,0.004848538583942468,0.004848538583942468,0.003071205007824726,0.004099597585513078,0.004099597585513078
ENS_BPR__CTR_m_synth_dense_wMean_0.5_0.5,0.004254694835680751,0.010525653923541248,0.010525653923541248,0.0028344165308868676,0.004848538583942468,0.004848538583942468,0.003071205007824726,0.004099597585513078,0.004099597585513078
ENS_BPR__CTR_l_synth_dense_mean,0.003051643192488263,0.010496311200536552,0.010496311200536552,0.0027328630197674566,0.005351109591792475,0.005351109591792475,0.0034624413145539906,0.005083743199940384,0.005083743199940384
ENS_BPR__CTR_l_synth_dense_wMean_0.5_0.5,0.003051643192488263,0.010496311200536552,0.010496311200536552,0.0027328630197674566,0.005351109591792475,0.005351109591792475,0.0034624413145539906,0.005083743199940384,0.005083743199940384
ENS_BPR__ConvMF_l_synth_dense_rrf_k10,0.005327162781758779,0.010452358399912143,0.010452358399912143,0.0028779322310696063,0.004588249397046869,0.004554965121871619,0.0026995305164319245,0.003915157612340711,0.003915157612340711
ENS_BPR__HFT_m_synth_dense_wMean_0.7_0.3,0.004414449660928534,0.010429707876890978,0.010429707876890978,0.0031198473005710605,0.005141041014512436,0.005141041014512436,0.004088419405320814,0.0051577986437141374,0.0051577986437141374
ENS_BPR__HFT_m_synth_dense_wMean_0.9_0.1,0.004414449660928534,0.010429707876890978,0.010429707876890978,0.0031198473005710605,0.005141041014512436,0.005141041014512436,0.004088419405320814,0.0051577986437141374,0.0051577986437141374
ENS_MF__BPR_rrf_k10,0.0070632126089872575,0.010391809923870711,0.010391809923870711,0.0048404725379833265,0.006295151020707088,0.006264503451881466,0.0056533646322378716,0.00707811684924361,0.00707811684924361
ENS_BPR__ConvMF_m_synth_dense_wMean_0.1_0.9,0.0029342723004694834,0.010328638497652583,0.010328638497652583,0.001944740025724746,0.004690912353865377,0.004690912353865377,0.002190923317683881,0.0038778970116998285,0.0038778970116998285
ENS_BPR__ConvMF_m_synth_dense_wMean_0.3_0.7,0.0029342723004694834,0.010328638497652583,0.010328638497652583,0.001944740025724746,0.004690912353865377,0.004690912353865377,0.002190923317683881,0.0038778970116998285,0.0038778970116998285
ENS_BPR__ConvMF_meta_only_wMean_0.1_0.9,0.002347417840375587,0.010328638497652583,0.010328638497652583,0.0015849734122319022,0.004510544751705587,0.004510544751705587,0.0018583724569640062,0.0036203331097697296,0.0036203331097697296
ENS_BPR__ConvMF_meta_only_wMean_0.3_0.7,0.002347417840375587,0.010328638497652583,0.010328638497652583,0.0015849734122319022,0.004510544751705587,0.004510544751705587,0.0018583724569640062,0.0036203331097697296,0.0036203331097697296
ENS_BPR__CTR_s_synth_dense_wMean_0.1_0.9,0.002347417840375587,0.010328638497652583,0.010328638497652583,0.0016663389543992812,0.004598705859916412,0.004598705859916412,0.001956181533646322,0.0037768276324614347,0.0037768276324614347
ENS_BPR__CTR_s_synth_dense_wMean_0.3_0.7,0.002347417840375587,0.010328638497652583,0.010328638497652583,0.0016663389543992812,0.004598705859916412,0.004598705859916412,0.001956181533646322,0.0037768276324614347,0.0037768276324614347
ENS_BPR__HFT_m_synth_aspect_wMean_0.7_0.3,0.004952227987809901,0.010266521154215743,0.010266521154215743,0.00468311615847023,0.006504998057715388,0.00641895945452368,0.005907668231611893,0.007067870184067368,0.007067870184067368
ENS_BPR__HFT_m_synth_aspect_wMean_0.9_0.1,0.004952227987809901,0.010266521154215743,0.010266521154215743,0.00468311615847023,0.006504998057715388,0.00641895945452368,0.005907668231611893,0.007067870184067368,0.007067870184067368
ENS_BPR__ConvMF_meta_human_wMean_0.1_0.9,0.0035211267605633804,0.010211267605633801,0.010211267605633801,0.002090339227607185,0.004437098437358809,0.004437098437358809,0.002269170579029734,0.003551866756092108,0.003551866756092108
ENS_BPR__ConvMF_meta_human_wMean_0.3_0.7,0.0035211267605633804,0.010211267605633801,0.010211267605633801,0.002090339227607185,0.004437098437358809,0.004437098437358809,0.002269170579029734,0.003551866756092108,0.003551866756092108
ENS_BPR__CTR_meta_human_wMean_0.1_0.9,0.002347417840375587,0.010211267605633801,0.010211267605633801,0.0016663389543992812,0.004575485150310964,0.004575485150310964,0.001956181533646322,0.00372932036664431,0.00372932036664431
ENS_BPR__CTR_meta_human_wMean_0.3_0.7,0.002347417840375587,0.010211267605633801,0.010211267605633801,0.0016663389543992812,0.004575485150310964,0.004575485150310964,0.001956181533646322,0.00372932036664431,0.00372932036664431
ENS_BPR__HFT_s_synth_dense_rrf_k10,0.006190677201611227,0.010142163899576796,0.010142163899576796,0.004523399380518547,0.005679669247992783,0.005593630644801077,0.006670579029733959,0.007725054027870929,0.007725054027870929
ENS_BPR__HFT_s_synth_dense_borda,0.005603822741517331,0.010142163899576796,0.010142163899576796,0.004662081605964768,0.005953254086619231,0.00591996981144398,0.007003129890453834,0.007884343095610702,0.007884343095610702
ENS_BPR__HFT_s_synth_dense_wBorda_0.5_0.5,0.005603822741517331,0.010142163899576796,0.010142163899576796,0.004662081605964768,0.005953254086619231,0.00591996981144398,0.007003129890453834,0.007884343095610702,0.007884343095610702
ENS_MF__BPR_wBorda_0.9_0.1,0.004536478128027424,0.01010181459125121,0.01010181459125121,0.0034723568879164667,0.005455460360470687,0.005455460360470687,0.003834115805946792,0.005401855577911916,0.005401855577911916
ENS_BPR__ConvMF_m_synth_aspect_rrf_k10,0.004091679707876891,0.01009495079639631,0.01009495079639631,0.0032370026000763078,0.0053191428926406105,0.005268371958406632,0.004284037558685446,0.00566594008495417,0.00566594008495417
ENS_BPR__CDL_s_synth_dense_mean,0.005578206078576724,0.010000573617141443,0.010000573617141443,0.004526928129201427,0.006189306826902387,0.006146287525306535,0.0052816901408450695,0.0065937290409121396,0.0065937290409121396
ENS_BPR__CDL_s_synth_dense_wMean_0.5_0.5,0.005578206078576724,0.010000573617141443,0.010000573617141443,0.004526928129201427,0.006189306826902387,0.006146287525306535,0.0052816901408450695,0.0065937290409121396,0.0065937290409121396
ENS_BPR__HFT_m_synth_aspect_borda,0.006243479394887845,0.009982874831837026,0.009982874831837026,0.004379699459813031,0.0057385363617058335,0.005707888792880212,0.005594679186228482,0.006890416573515166,0.006890416573515166
ENS_BPR__HFT_m_synth_aspect_wBorda_0.5_0.5,0.006243479394887845,0.009982874831837026,0.009982874831837026,0.004379699459813031,0.0057385363617058335,0.005707888792880212,0.005594679186228482,0.006890416573515166,0.006890416573515166
ENS_BPR__ConvMF_meta_human_borda,0.004678534167970787,0.009963313016500563,0.009963313016500563,0.003672003713489968,0.00555167615571679,0.005521028586891169,0.004968701095461659,0.006347343319174305,0.006347343319174305
ENS_BPR__ConvMF_meta_human_wBorda_0.5_0.5,0.004678534167970787,0.009963313016500563,0.009963313016500563,0.003672003713489968,0.00555167615571679,0.005521028586891169,0.004968701095461659,0.006347343319174305,0.006347343319174305
ENS_BPR__ConvMF_meta_human_rrf_k10,0.004482916014606156,0.009963313016500563,0.009963313016500563,0.003038114683024258,0.004964230383508694,0.0049335828146830725,0.004049295774647887,0.005492678291974066,0.005492678291974066
ENS_BPR__ConvMF_l_synth_dense_rrf_k120,0.005203442879499218,0.0099437512011641,0.0099437512011641,0.0030026018099174466,0.004731751572188613,0.004705851371842877,0.002816901408450704,0.004187159997019152,0.004187159997019152
ENS_BPR__ConvMF_l_synth_dense_rrf_k60,0.005203442879499218,0.0099437512011641,0.0099437512011641,0.0030026018099174466,0.004731751572188613,0.004705851371842877,0.002816901408450704,0.004187159997019152,0.004187159997019152
ENS_BPR__ConvMF_l_synth_dense_rrf_k90,0.005203442879499218,0.0099437512011641,0.0099437512011641,0.0030026018099174466,0.004731751572188613,0.004705851371842877,0.002816901408450704,0.004187159997019152,0.004187159997019152
ENS_BPR__HFT_s_synth_aspect_borda,0.006109635395217307,0.009837558489337584,0.009837558489337584,0.004379699459813031,0.005623311674636894,0.0055900273994616435,0.005594679186228482,0.006650551456889485,0.006650551456889485
ENS_BPR__HFT_s_synth_aspect_wBorda_0.5_0.5,0.006109635395217307,0.009837558489337584,0.009837558489337584,0.004379699459813031,0.005623311674636894,0.0055900273994616435,0.005594679186228482,0.006650551456889485,0.006650551456889485
ENS_BPR__HFT_s_synth_aspect_rrf_k120,0.005433061330948655,0.009837558489337584,0.009837558489337584,0.004012785924060868,0.005747343690890401,0.005720201533535713,0.004831768388106416,0.00629517847827707,0.00629517847827707
ENS_BPR__HFT_s_synth_aspect_rrf_k30,0.005433061330948655,0.009837558489337584,0.009837558489337584,0.003607200837635468,0.005338769610460697,0.005311627453106009,0.004342723004694835,0.005819174305089798,0.005819174305089798
ENS_BPR__HFT_s_synth_aspect_rrf_k60,0.005433061330948655,0.009837558489337584,0.009837558489337584,0.0035796048836517803,0.005314162650481314,0.005287020493126626,0.004244913928012519,0.005708324018183174,0.005708324018183174
ENS_BPR__HFT_s_synth_aspect_rrf_k90,0.005433061330948655,0.009837558489337584,0.009837558489337584,0.004012785924060868,0.005747343690890401,0.005720201533535713,0.004831768388106416,0.00629517847827707,0.00629517847827707
ENS_BPR__ConvMF_m_synth_dense_rrf_k30,0.003032081377151799,0.009803729786124152,0.009803729786124152,0.001750319173664221,0.0042954811188049054,0.0042954811188049054,0.0017605633802816902,0.0035518667560921076,0.0035518667560921076
ENS_BPR__CDL_s_synth_aspect_wMean_0.7_0.3,0.005131078870886136,0.0097735781158687,0.0097735781158687,0.0032815759658293866,0.0050481673494199115,0.00498521233959013,0.004049295774647887,0.005454486176317162,0.005454486176317162
ENS_BPR__CDL_s_synth_aspect_wMean_0.9_0.1,0.005131078870886136,0.0097735781158687,0.0097735781158687,0.0032815759658293866,0.0050481673494199115,0.00498521233959013,0.004049295774647887,0.005454486176317162,0.005454486176317162
ENS_BPR__HFT_l_synth_dense_wMean_0.1_0.9,0.004107981220657277,0.009741784037558687,0.009741784037558687,0.0023602151728149994,0.0043910828747585565,0.0043910828747585565,0.0024647887323943664,0.003744224606900663,0.003744224606900663
ENS_BPR__HFT_l_synth_dense_wMean_0.3_0.7,0.004107981220657277,0.009741784037558687,0.009741784037558687,0.0023602151728149994,0.0043910828747585565,0.0043910828747585565,0.0024647887323943664,0.003744224606900663,0.003744224606900663
ENS_MF__BPR_wMean_0.7_0.3,0.0035211267605633804,0.009741784037558687,0.009741784037558687,0.0019891369491150048,0.004258895676083402,0.004258895676083402,0.001995305164319249,0.0034680304046501224,0.0034680304046501224
ENS_MF__BPR_wMean_0.9_0.1,0.0035211267605633804,0.009741784037558687,0.009741784037558687,0.0019891369491150048,0.004258895676083402,0.004258895676083402,0.001995305164319249,0.0034680304046501224,0.0034680304046501224
ENS_BPR__CTR_meta_only_wMean_0.1_0.9,0.0035211267605633804,0.009741784037558687,0.009741784037558687,0.0021718278723257987,0.004509617913816117,0.004509617913816117,0.0022496087636932707,0.0037782249049854687,0.0037782249049854687
ENS_BPR__CTR_meta_only_wMean_0.3_0.7,0.0035211267605633804,0.009741784037558687,0.009741784037558687,0.0021718278723257987,0.004509617913816117,0.004509617913816117,0.0022496087636932707,0.0037782249049854687,0.0037782249049854687
ENS_BPR__CTR_m_synth_dense_wMean_0.1_0.9,0.0029342723004694834,0.009741784037558687,0.009741784037558687,0.00181193815628172,0.004268882693474517,0.004268882693474517,0.002034428794992175,0.0035290446381995677,0.0035290446381995677
ENS_BPR__CTR_m_synth_dense_wMean_0.3_0.7,0.0029342723004694834,0.009741784037558687,0.009741784037558687,0.00181193815628172,0.004268882693474517,0.004268882693474517,0.002034428794992175,0.0035290446381995677,0.0035290446381995677
ENS_BPR__ConvMF_all_reviews_text_wMean_0.1_0.9,0.002347417840375587,0.009741784037558687,0.009741784037558687,0.0015849734122319022,0.0043025174197994275,0.0043025174197994275,0.0018583724569640062,0.0035029622177509506,0.0035029622177509506
ENS_BPR__ConvMF_all_reviews_text_wMean_0.3_0.7,0.002347417840375587,0.009741784037558687,0.009741784037558687,0.0015849734122319022,0.0043025174197994275,0.0043025174197994275,0.0018583724569640062,0.0035029622177509506,0.0035029622177509506
ENS_BPR__CTR_s_synth_aspect_wMean_0.1_0.9,0.002347417840375587,0.009741784037558687,0.009741784037558687,0.0015849734122319022,0.004262013596136015,0.004262013596136015,0.0018583724569640062,0.003491318280050674,0.003491318280050674
ENS_BPR__CTR_s_synth_aspect_wMean_0.3_0.7,0.002347417840375587,0.009741784037558687,0.009741784037558687,0.0015849734122319022,0.004262013596136015,0.004262013596136015,0.0018583724569640062,0.003491318280050674,0.003491318280050674
ENS_BPR__ConvMF_s_synth_aspect_rrf_k30,0.003907239734704523,0.009720187597318805,0.009720187597318805,0.0030686428479826484,0.0049727261022559635,0.004946825901910229,0.004910015649452269,0.006053916089127357,0.006053916089127357
ENS_BPR__HFT_meta_human_wBorda_0.3_0.7,0.004352503912363068,0.009707146387094497,0.009707146387094497,0.002813077138572379,0.004860292500489561,0.004835421766601317,0.00346244131455399,0.005098647440196736,0.005098647440196736
ENS_BPR__HFT_m_synth_dense_mean,0.004577464788732395,0.009696139801773605,0.009696139801773605,0.002952544119084427,0.004660655178107854,0.004660655178107854,0.003658059467918622,0.004597026604068857,0.004597026604068857
ENS_BPR__HFT_m_synth_dense_wMean_0.5_0.5,0.004577464788732395,0.009696139801773605,0.009696139801773605,0.002952544119084427,0.004660655178107854,0.004660655178107854,0.003658059467918622,0.004597026604068857,0.004597026604068857
ENS_BPR__ConvMF_m_synth_dense_borda,0.00503373555171183,0.009669885786453615,0.009669885786453615,0.003764056220245743,0.0052556878197936065,0.005222403544618355,0.0046557120500782465,0.005662679782398092,0.005662679782398092
ENS_BPR__ConvMF_m_synth_dense_wBorda_0.5_0.5,0.00503373555171183,0.009669885786453615,0.009669885786453615,0.003764056220245743,0.0052556878197936065,0.005222403544618355,0.0046557120500782465,0.005662679782398092,0.005662679782398092
ENS_BPR__HFT_s_synth_dense_rrf_k30,0.00582552331533058,0.009653118516165215,0.009653118516165215,0.004468411041575215,0.005634724698991715,0.005548686095800008,0.006533646322378716,0.007605820105820107,0.007605820105820107
ENS_BPR__ConvMF_m_synth_aspect_borda,0.005327162781758778,0.009633850863465392,0.009633850863465392,0.0041009310273141955,0.005425908539159634,0.005361976695158761,0.005535993740219092,0.0062788769654966835,0.0062788769654966835
ENS_BPR__ConvMF_m_synth_aspect_wBorda_0.5_0.5,0.005327162781758778,0.009633850863465392,0.009633850863465392,0.0041009310273141955,0.005425908539159634,0.005361976695158761,0.005535993740219092,0.0062788769654966835,0.0062788769654966835
ENS_BPR__HFT_l_synth_aspect_wMean_0.1_0.9,0.004107981220657277,0.009624413145539907,0.009624413145539907,0.0024116515000906463,0.004344565843857613,0.004344565843857613,0.0025234741784037557,0.0036282509874059165,0.0036282509874059165
ENS_BPR__HFT_l_synth_aspect_wMean_0.3_0.7,0.004107981220657277,0.009624413145539907,0.009624413145539907,0.0024116515000906463,0.004344565843857613,0.004344565843857613,0.0025234741784037557,0.0036282509874059165,0.0036282509874059165
ENS_BPR__HFT_m_synth_dense_rrf_k30,0.004805685967657799,0.009552514894434837,0.009552514894434837,0.004004497813637241,0.005902229588574793,0.005877358854686549,0.005418622848200313,0.006968663834861018,0.006968663834861018
ENS_BPR__ConvMF_m_synth_aspect_wMean_0.1_0.9,0.0035211267605633804,0.009546165884194052,0.009546165884194052,0.0019875896756071255,0.004240380013954817,0.004240380013954817,0.0020344287949921754,0.003524387063119458,0.003524387063119458
ENS_BPR__ConvMF_m_synth_aspect_wMean_0.3_0.7,0.0035211267605633804,0.009546165884194052,0.009546165884194052,0.0019875896756071255,0.004240380013954817,0.004240380013954817,0.0020344287949921754,0.003524387063119458,0.003524387063119458
ENS_BPR__ConvMF_m_synth_dense_rrf_k120,0.003032081377151799,0.009510302556077203,0.009510302556077203,0.0017185556892452848,0.0041000879517108235,0.0041000879517108235,0.001662754303599374,0.0032398092257247186,0.0032398092257247186
ENS_BPR__ConvMF_m_synth_dense_rrf_k60,0.003032081377151799,0.009510302556077203,0.009510302556077203,0.0017185556892452848,0.0041000879517108235,0.0041000879517108235,0.001662754303599374,0.0032398092257247186,0.0032398092257247186
ENS_BPR__ConvMF_m_synth_dense_rrf_k90,0.003032081377151799,0.009510302556077203,0.009510302556077203,0.0017185556892452848,0.0041000879517108235,0.0041000879517108235,0.001662754303599374,0.0032398092257247186,0.0032398092257247186
ENS_BPR__HFT_m_synth_dense_rrf_k120,0.00457094418362024,0.00949074074074074,0.00949074074074074,0.004087555873874112,0.006064267627501472,0.006064267627501472,0.0050273865414710486,0.00659372904091214,0.00659372904091214
ENS_BPR__HFT_m_synth_dense_rrf_k60,0.00457094418362024,0.00949074074074074,0.00949074074074074,0.003654374833465024,0.005631086587092385,0.005631086587092385,0.004440532081377152,0.006006874580818244,0.006006874580818244
ENS_BPR__HFT_m_synth_dense_rrf_k90,0.00457094418362024,0.00949074074074074,0.00949074074074074,0.003654374833465024,0.005631086587092385,0.005631086587092385,0.004440532081377152,0.006006874580818244,0.006006874580818244
ENS_BPR__ConvMF_m_synth_dense_rrf_k10,0.0036026343244653105,0.009474267633088982,0.009474267633088982,0.0023772793492451406,0.0044527821283705344,0.004422134559544913,0.0027190923317683877,0.004145241821298159,0.004145241821298159
ENS_BPR__ConvMF_l_synth_dense_rrf_k30,0.004499217527386541,0.009435144002416055,0.009435144002416055,0.002386539982889657,0.004323727899086524,0.00429782769874079,0.0020539906103286382,0.003619867352261718,0.003619867352261718
ENS_BPR__VAECF_wBorda_0.3_0.7,0.0033744131455399062,0.009435144002416055,0.009435144002416055,0.0025973542534930903,0.004685781633847056,0.004660910899958812,0.0035211267605633804,0.004852727475966913,0.004852727475966913
ENS_BPR__ConvMF_s_synth_aspect_borda,0.005914017241852675,0.00938763673659893,0.00938763673659893,0.004296480834240019,0.005378015935329152,0.005344731660153901,0.005535993740219092,0.006396247857515464,0.006396247857515464
ENS_BPR__ConvMF_s_synth_aspect_wBorda_0.5_0.5,0.005914017241852675,0.00938763673659893,0.00938763673659893,0.004296480834240019,0.005378015935329152,0.005344731660153901,0.005535993740219092,0.006396247857515464,0.006396247857515464
ENS_BPR__ConvMF_s_synth_aspect_rrf_k10,0.004516744717819587,0.00938763673659893,0.00938763673659893,0.0037217604662093382,0.005270258727819339,0.005236974452644088,0.005203442879499218,0.006295178478277069,0.006295178478277069
ENS_BPR__CDL_m_synth_aspect_wMean_0.7_0.3,0.003398460941085107,0.00930269727526955,0.00930269727526955,0.0030810989217068914,0.005292861527121311,0.005232435094591374,0.005223004694835681,0.006795867799388926,0.006795867799388926
ENS_BPR__CDL_m_synth_aspect_wMean_0.9_0.1,0.003398460941085107,0.00930269727526955,0.00930269727526955,0.0030810989217068914,0.005292861527121311,0.005232435094591374,0.005223004694835681,0.006795867799388926,0.006795867799388926
ENS_BPR__ConvMF_l_synth_dense_wMean_0.7_0.3,0.005089160695165142,0.009299608567584846,0.009299608567584846,0.003742949374232047,0.0050932945536202685,0.005056239744136222,0.004381846635367762,0.005204840152023251,0.005204840152023251
ENS_BPR__ConvMF_l_synth_dense_wMean_0.9_0.1,0.005089160695165142,0.009299608567584846,0.009299608567584846,0.003742949374232047,0.0050932945536202685,0.005056239744136222,0.004381846635367762,0.005204840152023251,0.005204840152023251
ENS_BPR__HFT_meta_only_rrf_k10,0.0055504322229674346,0.00927026584458015,0.00927026584458015,0.0036400717738766016,0.004944513013332969,0.004913865444507347,0.00467527386541471,0.005868544600938967,0.005868544600938967
ENS_BPR__HFT_meta_only_rrf_k120,0.005433061330948655,0.00927026584458015,0.00927026584458015,0.004164446004954069,0.005632641156976787,0.005606740956631053,0.005359937402190923,0.006632386914077054,0.006632386914077054
ENS_BPR__HFT_meta_only_rrf_k30,0.005433061330948655,0.00927026584458015,0.00927026584458015,0.004216565913519468,0.00567949023367339,0.005652348076318703,0.005555555555555556,0.006857347790446382,0.006857347790446382
ENS_BPR__HFT_meta_only_rrf_k60,0.005433061330948655,0.00927026584458015,0.00927026584458015,0.004164446004954069,0.005632641156976787,0.005606740956631053,0.005359937402190923,0.006632386914077054,0.006632386914077054
ENS_BPR__HFT_meta_only_rrf_k90,0.005433061330948655,0.00927026584458015,0.00927026584458015,0.004164446004954069,0.005632641156976787,0.005606740956631053,0.005359937402190923,0.006632386914077054,0.006632386914077054
ENS_BPR__ConvMF_s_synth_dense_rrf_k10,0.004717657798643715,0.009239525849051423,0.009239525849051423,0.0025635156665447514,0.004371846678380396,0.00434316714398316,0.002856025039123631,0.004478724197034056,0.004478724197034056
ENS_BPR__ConvMF_m_synth_aspect_wMean_0.7_0.3,0.005105633802816901,0.009213615023474179,0.009213615023474179,0.003322268685311077,0.004588802467600462,0.004588802467600462,0.0031690140845070424,0.0037814852075415454,0.0037814852075415454
ENS_BPR__ConvMF_m_synth_aspect_wMean_0.9_0.1,0.005105633802816901,0.009213615023474179,0.009213615023474179,0.003322268685311077,0.004588802467600462,0.004588802467600462,0.0031690140845070424,0.0037814852075415454,0.0037814852075415454
ENS_BPR__ConvMF_m_synth_aspect_mean,0.00363849765258216,0.009213615023474179,0.009213615023474179,0.0026644587674255213,0.004392759426748225,0.004392759426748225,0.0026799687010954617,0.003491784037558685,0.003491784037558685
ENS_BPR__ConvMF_m_synth_aspect_wMean_0.5_0.5,0.00363849765258216,0.009213615023474179,0.009213615023474179,0.0026644587674255213,0.004392759426748225,0.004392759426748225,0.0026799687010954617,0.003491784037558685,0.003491784037558685
ENS_BPR__ConvMF_l_synth_dense_wBorda_0.3_0.7,0.0033744131455399062,0.009211580398570762,0.009211580398570762,0.0020339173638187938,0.004155379251640848,0.004129479051295114,0.001995305164319249,0.0034736194947462555,0.0034736194947462555
ENS_BPR__CTR_l_synth_dense_wMean_0.7_0.3,0.005801475519785379,0.00919684775318578,0.00919684775318578,0.0040888003951591485,0.0051461220580370235,0.0051461220580370235,0.004831768388106416,0.005602597063864669,0.005602597063864669
ENS_BPR__CTR_l_synth_dense_wMean_0.9_0.1,0.005801475519785379,0.00919684775318578,0.00919684775318578,0.0040888003951591485,0.0051461220580370235,0.0051461220580370235,0.004831768388106416,0.005602597063864669,0.005602597063864669
ENS_BPR__CDL_s_synth_dense_wBorda_0.1_0.9,0.0075312989045383414,0.009145148669796557,0.009145148669796557,0.006095719089569459,0.006778039969109145,0.006704117282287797,0.007081377151799687,0.007606285863328116,0.007606285863328116
ENS_BPR__HFT_meta_only_borda,0.00564015182714219,0.00910259314169618,0.00910259314169618,0.004254845338119542,0.005253552103167613,0.005220267827992362,0.005594679186228482,0.006386466949847232,0.006386466949847232
ENS_BPR__HFT_meta_only_wBorda_0.5_0.5,0.00564015182714219,0.00910259314169618,0.00910259314169618,0.004254845338119542,0.005253552103167613,0.005220267827992362,0.005594679186228482,0.006386466949847232,0.006386466949847232
ENS_BPR__HFT_meta_human_mean,0.003227699530516432,0.009096244131455399,0.009096244131455399,0.0022976446180874815,0.004342289420512224,0.004342289420512224,0.002190923317683881,0.003332960727326924,0.003332960727326924
ENS_BPR__HFT_meta_human_wMean_0.5_0.5,0.003227699530516432,0.009096244131455399,0.009096244131455399,0.0022976446180874815,0.004342289420512224,0.004342289420512224,0.002190923317683881,0.003332960727326924,0.003332960727326924
ENS_BPR__HFT_m_synth_aspect_mean,0.005343464294539165,0.009060209208467177,0.009060209208467177,0.004035845368497819,0.00513621632927959,0.005050177726087882,0.004694835680751174,0.005389280125195618,0.005389280125195618
ENS_BPR__HFT_m_synth_aspect_wMean_0.5_0.5,0.005343464294539165,0.009060209208467177,0.009060209208467177,0.004035845368497819,0.00513621632927959,0.005050177726087882,0.004694835680751174,0.005389280125195618,0.005389280125195618
MF,0.004536478128027424,0.008977010209404576,0.034627207690587976,0.0034723568879164667,0.005102690270738207,0.011412706289524318,0.003834115805946792,0.005139168343393695,0.007043576920181493
ENS_BPR__HFT_m_synth_aspect_rrf_k10,0.005237443177584023,0.008976838614533205,0.008976838614533205,0.0034474247194520567,0.004885185987997596,0.004854538419171976,0.004225352112676056,0.0055210894999627395,0.0055210894999627395
ENS_BPR__HFT_m_synth_aspect_rrf_k120,0.004650588717490125,0.008976838614533205,0.008976838614533205,0.003512931219553822,0.005207149895334752,0.005181249694989017,0.0045774647887323935,0.006078135479543931,0.006078135479543931
ENS_BPR__HFT_m_synth_aspect_rrf_k30,0.004650588717490125,0.008976838614533205,0.008976838614533205,0.003512931219553822,0.005210878766792954,0.005183736609438266,0.0045774647887323935,0.006094436992324316,0.006094436992324316
ENS_BPR__HFT_m_synth_aspect_rrf_k60,0.004650588717490125,0.008976838614533205,0.008976838614533205,0.003512931219553822,0.005207149895334752,0.005181249694989017,0.0045774647887323935,0.006078135479543931,0.006078135479543931
ENS_BPR__HFT_m_synth_aspect_rrf_k90,0.004650588717490125,0.008976838614533205,0.008976838614533205,0.003512931219553822,0.005207149895334752,0.005181249694989017,0.0045774647887323935,0.006078135479543931,0.006078135479543931
ENS_BPR__HFT_meta_only_wMean_0.1_0.9,0.004107981220657277,0.008959311424100159,0.008959311424100159,0.0023602151728149994,0.004216147636472839,0.004216147636472839,0.0024647887323943664,0.003760526119681049,0.003760526119681049
ENS_BPR__HFT_meta_only_wMean_0.3_0.7,0.004107981220657277,0.008959311424100159,0.008959311424100159,0.0023602151728149994,0.004216147636472839,0.004216147636472839,0.0024647887323943664,0.003760526119681049,0.003760526119681049
ENS_BPR__ConvMF_m_synth_aspect_rrf_k120,0.006671976302257991,0.008921241876208517,0.008921241876208517,0.004931564239051083,0.005832502038855447,0.005781731104621468,0.006142410015649452,0.00706460988151129,0.00706460988151129
ENS_BPR__ConvMF_m_synth_aspect_rrf_k60,0.006671976302257991,0.008921241876208517,0.008921241876208517,0.004931564239051083,0.005832502038855447,0.005781731104621468,0.006142410015649452,0.00706460988151129,0.00706460988151129
ENS_BPR__ConvMF_m_synth_aspect_rrf_k90,0.006671976302257991,0.008921241876208517,0.008921241876208517,0.004931564239051083,0.005832502038855447,0.005781731104621468,0.006142410015649452,0.00706460988151129,0.00706460988151129
ENS_BPR__ConvMF_meta_human_wBorda_0.1_0.9,0.0021517996870109544,0.008851721439749608,0.008851721439749608,0.0015959155708813063,0.003995068615950708,0.003995068615950708,0.002543035993740219,0.0041089127356732985,0.0041089127356732985
ENS_BPR__ConvMF_s_synth_dense_borda,0.00509242099772122,0.008848289542322158,0.008848289542322158,0.00404448599298705,0.005244564880632754,0.005211280605457504,0.005535993740219092,0.0066701132722259485,0.0066701132722259485
ENS_BPR__ConvMF_s_synth_dense_wBorda_0.5_0.5,0.00509242099772122,0.008848289542322158,0.008848289542322158,0.00404448599298705,0.005244564880632754,0.005211280605457504,0.005535993740219092,0.0066701132722259485,0.0066701132722259485
ENS_BPR__HFT_s_synth_aspect_rrf_k10,0.005656624934793948,0.008831522272033761,0.008831522272033761,0.00343252685768002,0.004834939139794163,0.004804291570968542,0.0039514866979655705,0.005435855875996721,0.005435855875996721
ENS_BPR__CDL_l_synth_aspect_mean,0.0035211267605633804,0.008680151081930177,0.008680151081930177,0.0021717663210501816,0.0041403905209223,0.004109742952096679,0.002190923317683881,0.003536962515835755,0.003536962515835755
ENS_BPR__CDL_l_synth_aspect_wMean_0.5_0.5,0.0035211267605633804,0.008680151081930177,0.008680151081930177,0.0021717663210501816,0.0041403905209223,0.004109742952096679,0.002190923317683881,0.003536962515835755,0.003536962515835755
ENS_BPR__ConvMF_l_synth_dense_wBorda_0.1_0.9,0.0029342723004694834,0.008628157835904315,0.008628157835904315,0.00150451958143027,0.00361506094015006,0.00361506094015006,0.0011150234741784037,0.002594735077129443,0.002594735077129443
ENS_BPR__ConvMF_meta_human_wMean_0.7_0.3,0.0026897496087636935,0.008620068363396755,0.008620068363396755,0.0018200052742227352,0.0038898651361944803,0.003864994402306236,0.002621283255086072,0.0038597324688873984,0.0038597324688873984
ENS_BPR__ConvMF_meta_human_wMean_0.9_0.1,0.0026897496087636935,0.008620068363396755,0.008620068363396755,0.0018200052742227352,0.0038898651361944803,0.003864994402306236,0.002621283255086072,0.0038597324688873984,0.0038597324688873984
ENS_BPR__HFT_s_synth_aspect_wMean_0.1_0.9,0.004107981220657277,0.008568075117370892,0.008568075117370892,0.0023602151728149994,0.0040786521558111395,0.0040786521558111395,0.0024647887323943664,0.0036547991653625455,0.0036547991653625455
ENS_BPR__HFT_s_synth_aspect_wMean_0.3_0.7,0.004107981220657277,0.008568075117370892,0.008568075117370892,0.0023602151728149994,0.0040786521558111395,0.0040786521558111395,0.0024647887323943664,0.0036547991653625455,0.0036547991653625455
ENS_BPR__HFT_m_synth_aspect_wMean_0.1_0.9,0.004107981220657277,0.008568075117370892,0.008568075117370892,0.0023602151728149994,0.004051804909596716,0.004051804909596716,0.0024647887323943664,0.003626853714881884,0.003626853714881884
ENS_BPR__HFT_m_synth_aspect_wMean_0.3_0.7,0.004107981220657277,0.008568075117370892,0.008568075117370892,0.0023602151728149994,0.004051804909596716,0.004051804909596716,0.0024647887323943664,0.003626853714881884,0.003626853714881884
ENS_BPR__HFT_s_synth_dense_wMean_0.1_0.9,0.0029342723004694834,0.008568075117370892,0.008568075117370892,0.0019061625821641288,0.003922196435713376,0.003922196435713376,0.0022300469483568074,0.0034917840375586844,0.0034917840375586844
ENS_BPR__HFT_s_synth_dense_wMean_0.3_0.7,0.0029342723004694834,0.008568075117370892,0.008568075117370892,0.0019061625821641288,0.003922196435713376,0.003922196435713376,0.0022300469483568074,0.0034917840375586844,0.0034917840375586844
ENS_BPR__HFT_all_reviews_text_wMean_0.1_0.9,0.002347417840375587,0.008568075117370892,0.008568075117370892,0.0015335370849562549,0.0038427915304533825,0.0038427915304533825,0.0017996870109546165,0.003248658618376929,0.003248658618376929
ENS_BPR__HFT_all_reviews_text_wMean_0.3_0.7,0.002347417840375587,0.008568075117370892,0.008568075117370892,0.0015335370849562549,0.0038427915304533825,0.0038427915304533825,0.0017996870109546165,0.003248658618376929,0.003248658618376929
ENS_BPR__CTR_l_synth_aspect_wMean_0.1_0.9,0.002347417840375587,0.008568075117370892,0.008568075117370892,0.0015849734122319022,0.003949192750218401,0.003949192750218401,0.0018583724569640062,0.003431235561517251,0.003431235561517251
ENS_BPR__CTR_l_synth_aspect_wMean_0.3_0.7,0.002347417840375587,0.008568075117370892,0.008568075117370892,0.0015849734122319022,0.003949192750218401,0.003949192750218401,0.0018583724569640062,0.003431235561517251,0.003431235561517251
ENS_BPR__ConvMF_s_synth_aspect_rrf_k120,0.003907239734704523,0.00854647867713101,0.00854647867713101,0.003008651810723636,0.004528421479705244,0.0045035507458169996,0.004714397496087637,0.005685967657798645,0.005685967657798645
ENS_BPR__ConvMF_s_synth_aspect_rrf_k60,0.003907239734704523,0.00854647867713101,0.00854647867713101,0.003008651810723636,0.004528421479705244,0.0045035507458169996,0.004714397496087637,0.005685967657798645,0.005685967657798645
ENS_BPR__ConvMF_s_synth_aspect_rrf_k90,0.003907239734704523,0.00854647867713101,0.00854647867713101,0.003008651810723636,0.004528421479705244,0.0045035507458169996,0.004714397496087637,0.005685967657798645,0.005685967657798645
ENS_BPR__ConvMF_s_synth_dense_rrf_k30,0.002386541471048513,0.00849617686626582,0.00849617686626582,0.0019803771235173875,0.004409816961129233,0.004382674803774545,0.0022496087636932707,0.0041135703107534095,0.0041135703107534095
ENS_BPR__CTR_all_reviews_text_wMean_0.1_0.9,0.004107981220657277,0.008450704225352112,0.008450704225352112,0.0019575373581641586,0.0033877159458992616,0.0033877159458992616,0.001486697965571205,0.0022593896713615025,0.0022593896713615025
ENS_BPR__CTR_all_reviews_text_wMean_0.3_0.7,0.004107981220657277,0.008450704225352112,0.008450704225352112,0.0019575373581641586,0.0033877159458992616,0.0033877159458992616,0.001486697965571205,0.0022593896713615025,0.0022593896713615025
ENS_BPR__VAECF_mean,0.004510395707578806,0.008442320590207915,0.008442320590207915,0.0037350889380594865,0.00501186960395982,0.00501186960395982,0.006064162754303598,0.006794470526864894,0.006794470526864894
ENS_BPR__VAECF_wMean_0.5_0.5,0.004510395707578806,0.008442320590207915,0.008442320590207915,0.0037350889380594865,0.00501186960395982,0.00501186960395982,0.006064162754303598,0.006794470526864894,0.006794470526864894
ENS_BPR__CDL_meta_only_mean,0.003532304940755645,0.008373854236530294,0.008373854236530294,0.0035445976822975934,0.00528113392226212,0.00528113392226212,0.005086071987480439,0.006138683955585363,0.006138683955585363
ENS_BPR__CDL_meta_only_wMean_0.5_0.5,0.003532304940755645,0.008373854236530294,0.008373854236530294,0.0035445976822975934,0.00528113392226212,0.00528113392226212,0.005086071987480439,0.006138683955585363,0.006138683955585363
ENS_BPR__CTR_m_synth_aspect_wMean_0.1_0.9,0.0029342723004694834,0.008333333333333333,0.008333333333333333,0.001944740025724746,0.003888097154466676,0.003888097154466676,0.002190923317683881,0.0033758104180639393,0.0033758104180639393
ENS_BPR__CTR_m_synth_aspect_wMean_0.3_0.7,0.0029342723004694834,0.008333333333333333,0.008333333333333333,0.001944740025724746,0.003888097154466676,0.003888097154466676,0.002190923317683881,0.0033758104180639393,0.0033758104180639393
ENS_BPR__ConvMF_s_synth_dense_rrf_k120,0.0047339593114241,0.008300558712901189,0.008300558712901189,0.0030044850661243763,0.0044526871406022255,0.004425544983247537,0.0029147104851330206,0.004072117892540428,0.004072117892540428
ENS_BPR__ConvMF_s_synth_dense_rrf_k60,0.0047339593114241,0.008300558712901189,0.008300558712901189,0.0030044850661243763,0.0044526871406022255,0.004425544983247537,0.0029147104851330206,0.004072117892540428,0.004072117892540428
ENS_BPR__ConvMF_s_synth_dense_rrf_k90,0.0047339593114241,0.008300558712901189,0.008300558712901189,0.0030044850661243763,0.0044526871406022255,0.004425544983247537,0.0029147104851330206,0.004072117892540428,0.004072117892540428
ENS_BPR__HFT_m_synth_dense_wBorda_0.3_0.7,0.004528560250391236,0.008241873266891799,0.008241873266891799,0.002981813919677311,0.004359403393667853,0.004333503193322118,0.004342723004694835,0.005372978612415232,0.005372978612415232
ENS_BPR__HFT_l_synth_dense_wBorda_0.3_0.7,0.0029049295774647888,0.00818318782088241,0.00818318782088241,0.0021535916507956954,0.004019856516059772,0.003993956315714037,0.0029342723004694834,0.004417244205976601,0.004417244205976601
ENS_BPR__CDL_s_synth_aspect_mean,0.0019002906326849986,0.008065351171355619,0.008065351171355619,0.0014054059370008818,0.0035963738591161705,0.0035692317017614822,0.001936619718309859,0.003220713167896266,0.003220713167896266
ENS_BPR__CDL_s_synth_aspect_wMean_0.5_0.5,0.0019002906326849986,0.008065351171355619,0.008065351171355619,0.0014054059370008818,0.0035963738591161705,0.0035692317017614822,0.001936619718309859,0.003220713167896266,0.003220713167896266
ENS_BPR__CDL_l_synth_dense_mean,0.002164669302363891,0.008033213903302859,0.008033213903302859,0.001547937869596283,0.0035887891061027752,0.0035555048309275244,0.001838810641627543,0.003134548028914226,0.003134548028914226
ENS_BPR__CDL_l_synth_dense_wMean_0.5_0.5,0.002164669302363891,0.008033213903302859,0.008033213903302859,0.001547937869596283,0.0035887891061027752,0.0035555048309275244,0.001838810641627543,0.003134548028914226,0.003134548028914226
ENS_BPR__ConvMF_l_synth_dense_mean,0.004010172143974961,0.008023432995634626,0.008023432995634626,0.002861791556476129,0.004355050520228658,0.00432790836287397,0.00297339593114241,0.004003185781354795,0.004003185781354795
ENS_BPR__ConvMF_l_synth_dense_wMean_0.5_0.5,0.004010172143974961,0.008023432995634626,0.008023432995634626,0.002861791556476129,0.004355050520228658,0.00432790836287397,0.00297339593114241,0.004003185781354795,0.004003185781354795
ENS_BPR__ConvMF_meta_only_borda,0.00487415232133542,0.00800713148285424,0.00800713148285424,0.003888152934179917,0.004862744783042715,0.004832097214217095,0.005594679186228482,0.006365507861986734,0.006365507861986734
ENS_BPR__ConvMF_meta_only_rrf_k10,0.00487415232133542,0.00800713148285424,0.00800713148285424,0.003888152934179917,0.004850489636380604,0.004821810101983368,0.005594679186228482,0.006316603323645577,0.006316603323645577
ENS_BPR__ConvMF_meta_only_wBorda_0.5_0.5,0.00487415232133542,0.00800713148285424,0.00800713148285424,0.003888152934179917,0.004862744783042715,0.004832097214217095,0.005594679186228482,0.006365507861986734,0.006365507861986734
ENS_BPR__ConvMF_meta_only_rrf_k30,0.004287297861241523,0.00800713148285424,0.00800713148285424,0.003160015026944446,0.004456730566044819,0.004430830365699086,0.0037949921752738654,0.004784261122289291,0.004784261122289291
ENS_BPR__ConvMF_l_synth_aspect_rrf_k30,0.004482916014606156,0.007977960354720919,0.007977960354720919,0.0033332247910891196,0.004580021075259427,0.004580021075259427,0.0039514866979655705,0.0050273865414710486,0.0050273865414710486
ENS_BPR__ConvMF_l_synth_aspect_rrf_k120,0.004352503912363067,0.007977960354720919,0.007977960354720919,0.002680926355515572,0.004085635256654927,0.004085635256654927,0.0029147104851330206,0.004186228482003129,0.004186228482003129
ENS_BPR__ConvMF_l_synth_aspect_rrf_k60,0.004352503912363067,0.007977960354720919,0.007977960354720919,0.002680926355515572,0.004085635256654927,0.004085635256654927,0.0029147104851330206,0.004186228482003129,0.004186228482003129
ENS_BPR__ConvMF_l_synth_aspect_rrf_k90,0.004352503912363067,0.007977960354720919,0.007977960354720919,0.002680926355515572,0.004085635256654927,0.004085635256654927,0.0029147104851330206,0.004186228482003129,0.004186228482003129
ENS_BPR__ConvMF_l_synth_aspect_borda,0.004740308321664881,0.007941925431732695,0.007941925431732695,0.0036218866801029717,0.004582852182834313,0.0045495679076590625,0.004655712050078247,0.005447499813696996,0.005447499813696996
ENS_BPR__ConvMF_l_synth_aspect_wBorda_0.5_0.5,0.004740308321664881,0.007941925431732695,0.007941925431732695,0.0036218866801029717,0.004582852182834313,0.0045495679076590625,0.004655712050078247,0.005447499813696996,0.005447499813696996
ENS_BPR__ConvMF_l_synth_aspect_rrf_k10,0.004678534167970787,0.007941925431732695,0.007941925431732695,0.0032933763856833336,0.004428539567088827,0.004399860032691591,0.0037363067292644756,0.004667821745286534,0.004667821745286534
ENS_BPR__ConvMF_all_reviews_text_rrf_k10,0.004678534167970787,0.00791821414041577,0.00791821414041577,0.003636995346463336,0.004716422432427052,0.004681276889876866,0.005007824726134585,0.005909065504135927,0.005909065504135927
VAECF,0.002347417840375587,0.007857329160146061,0.04292615965151176,0.001926545984058078,0.0038706363589161965,0.01239593873785983,0.002777777777777778,0.003960801848125791,0.00626859585652267
ENS_BPR__ConvMF_all_reviews_text_borda,0.004740308321664881,0.007811513329489608,0.007811513329489608,0.0037909919163135017,0.004653688740642034,0.004620404465466783,0.005242566510172144,0.005838736120426262,0.005838736120426262
ENS_BPR__ConvMF_all_reviews_text_wBorda_0.5_0.5,0.004740308321664881,0.007811513329489608,0.007811513329489608,0.0037909919163135017,0.004653688740642034,0.004620404465466783,0.005242566510172144,0.005838736120426262,0.005838736120426262
ENS_BPR__HFT_l_synth_aspect_borda,0.004740308321664881,0.007811513329489608,0.007811513329489608,0.0037909919163135017,0.004653688740642034,0.004620404465466783,0.005242566510172144,0.005838736120426262,0.005838736120426262
ENS_BPR__HFT_l_synth_aspect_wBorda_0.5_0.5,0.004740308321664881,0.007811513329489608,0.007811513329489608,0.0037909919163135017,0.004653688740642034,0.004620404465466783,0.005242566510172144,0.005838736120426262,0.005838736120426262
ConvMF_l_synth_dense,0.0029342723004694834,0.007796780684104627,0.040313469511023256,0.00150451958143027,0.0033669150188744695,0.011111033107652827,0.0011150234741784037,0.0024512817646620464,0.0046280609384645
ENS_BPR__CDL_meta_human_mean,0.003101945003353454,0.0077933487866771785,0.0077933487866771785,0.0018634368957212194,0.003591814101962647,0.003566943368074402,0.001995305164319249,0.0031406028765183693,0.0031406028765183693
ENS_BPR__CDL_meta_human_wMean_0.5_0.5,0.003101945003353454,0.0077933487866771785,0.0077933487866771785,0.0018634368957212194,0.003591814101962647,0.003566943368074402,0.001995305164319249,0.0031406028765183693,0.0031406028765183693
ENS_BPR__HFT_meta_only_wBorda_0.3_0.7,0.0029049295774647888,0.007791951514153145,0.007791951514153145,0.0020066738802099107,0.0037850783183096667,0.0037591781179639318,0.0023474178403755865,0.0037004434011476267,0.0037004434011476267
ENS_BPR__HFT_meta_only_wMean_0.7_0.3,0.003297563156718086,0.007698971607422313,0.007698971607422313,0.002359490290802857,0.0039112888013368334,0.0039112888013368334,0.003266823161189358,0.004350640882331023,0.004350640882331023
ENS_BPR__HFT_meta_only_wMean_0.9_0.1,0.003297563156718086,0.007698971607422313,0.007698971607422313,0.002359490290802857,0.0039112888013368334,0.0039112888013368334,0.003266823161189358,0.004350640882331023,0.004350640882331023
HFT_meta_human,0.0036254564423578513,0.007627244951188614,0.028313398911990462,0.002571966354180937,0.003919322856603429,0.009090544898338493,0.0033841940532081376,0.004319435129294284,0.0058778169753569125
ENS_BPR__ConvMF_all_reviews_text_rrf_k120,0.00478523497889695,0.007624786910368823,0.007624786910368823,0.003659056660710375,0.004414478113846227,0.004370856634163293,0.004812206572769952,0.005555089798047544,0.005555089798047544
ENS_BPR__ConvMF_all_reviews_text_rrf_k30,0.00478523497889695,0.007624786910368823,0.007624786910368823,0.003659056660710375,0.004420386971685799,0.00437479745757448,0.004812206572769952,0.005583035248528206,0.005583035248528206
ENS_BPR__ConvMF_all_reviews_text_rrf_k60,0.00478523497889695,0.007624786910368823,0.007624786910368823,0.003659056660710375,0.004414478113846227,0.004370856634163293,0.004812206572769952,0.005555089798047544,0.005555089798047544
ENS_BPR__ConvMF_all_reviews_text_rrf_k90,0.00478523497889695,0.007624786910368823,0.007624786910368823,0.003659056660710375,0.004414478113846227,0.004370856634163293,0.004812206572769952,0.005555089798047544,0.005555089798047544
ENS_BPR__HFT_l_synth_aspect_mean,0.002269170579029734,0.007550860719874803,0.007550860719874803,0.0018660904526485282,0.0033851870245181362,0.0033851870245181362,0.002738654147104851,0.0033646322378716753,0.0033646322378716753
ENS_BPR__HFT_l_synth_aspect_wMean_0.5_0.5,0.002269170579029734,0.007550860719874803,0.007550860719874803,0.0018660904526485282,0.0033851870245181362,0.0033851870245181362,0.002738654147104851,0.0033646322378716753,0.0033646322378716753
ENS_BPR__ConvMF_meta_only_rrf_k120,0.004287297861241523,0.0074789624687697336,0.0074789624687697336,0.002891383624850997,0.003971319606892218,0.0039454194065464835,0.002856025039123631,0.0037279230941202777,0.0037279230941202777
ENS_BPR__ConvMF_meta_only_rrf_k60,0.004287297861241523,0.0074789624687697336,0.0074789624687697336,0.002891383624850997,0.003971319606892218,0.0039454194065464835,0.002856025039123631,0.0037279230941202777,0.0037279230941202777
ENS_BPR__ConvMF_meta_only_rrf_k90,0.004287297861241523,0.0074789624687697336,0.0074789624687697336,0.002891383624850997,0.003971319606892218,0.0039454194065464835,0.002856025039123631,0.0037279230941202777,0.0037279230941202777
ENS_BPR__HFT_m_synth_dense_wBorda_0.1_0.9,0.0029147104851330197,0.00746283255086072,0.00746283255086072,0.0021222180770330405,0.0036177286276064913,0.0036177286276064913,0.003423317683881064,0.004203927267307549,0.004203927267307549
ENS_BPR__VAECF_wBorda_0.1_0.9,0.002347417840375587,0.007417188315075639,0.007417188315075639,0.001926545984058078,0.0037567584513881324,0.0037567584513881324,0.002777777777777778,0.00396406215068187,0.00396406215068187
ENS_BPR__HFT_meta_human_wBorda_0.1_0.9,0.0036254564423578513,0.007363160444146359,0.007363160444146359,0.002571966354180937,0.0038155009423916637,0.0038155009423916637,0.0033841940532081376,0.004228146657724123,0.004228146657724123
ENS_BPR__ConvMF_m_synth_dense_wBorda_0.3_0.7,0.0035700312989045383,0.007322467946078027,0.007322467946078027,0.002258483193192077,0.003764365895127617,0.003739495161239372,0.0030516431924882625,0.004412586630896491,0.004412586630896491
ENS_BPR__CTR_s_synth_dense_wMean_0.7_0.3,0.0037785190676221073,0.0072636109051972654,0.0072636109051972654,0.0028355693816780702,0.004235354922719259,0.00416765254440959,0.003325508607198748,0.004404668753260303,0.004404668753260303
ENS_BPR__CTR_s_synth_dense_wMean_0.9_0.1,0.0037785190676221073,0.0072636109051972654,0.0072636109051972654,0.0028355693816780702,0.004235354922719259,0.00416765254440959,0.003325508607198748,0.004404668753260303,0.004404668753260303
ENS_BPR__HFT_l_synth_aspect_wMean_0.7_0.3,0.003442879499217528,0.007237871674491393,0.007237871674491393,0.002107747110261862,0.003306585585942494,0.003306585585942494,0.002816901408450704,0.0036138125046575754,0.0036138125046575754
ENS_BPR__HFT_l_synth_aspect_wMean_0.9_0.1,0.003442879499217528,0.007237871674491393,0.007237871674491393,0.002107747110261862,0.003306585585942494,0.003306585585942494,0.002816901408450704,0.0036138125046575754,0.0036138125046575754
ConvMF_meta_human,0.0021517996870109544,0.007237871674491393,0.044859728546718915,0.0015959155708813063,0.0034115484834231894,0.012344163653323855,0.002543035993740219,0.0037144161263879573,0.006081239202346584
ENS_BPR__HFT_l_synth_dense_wMean_0.7_0.3,0.0017018779342723004,0.007179186228482004,0.007179186228482004,0.0010671083212800217,0.00308693112600576,0.00308693112600576,0.0013693270735524255,0.0025784335643490577,0.0025784335643490577
ENS_BPR__HFT_l_synth_dense_wMean_0.9_0.1,0.0017018779342723004,0.007179186228482004,0.007179186228482004,0.0010671083212800217,0.00308693112600576,0.00308693112600576,0.0013693270735524255,0.0025784335643490577,0.0025784335643490577
ENS_BPR__CTR_meta_human_mean,0.003618935837245696,0.007173891301022509,0.007173891301022509,0.002580939122361383,0.0040082785161592695,0.003982378315813535,0.003266823161189358,0.004329681794470527,0.004329681794470527
ENS_BPR__CTR_meta_human_wMean_0.5_0.5,0.003618935837245696,0.007173891301022509,0.007173891301022509,0.002580939122361383,0.0040082785161592695,0.003982378315813535,0.003266823161189358,0.004329681794470527,0.004329681794470527
ENS_BPR__CDL_m_synth_aspect_mean,0.0033366867873910124,0.00711520585501312,0.00711520585501312,0.002509998194723286,0.0037581130473820124,0.003733242313493768,0.0035602503912363064,0.004247708473060586,0.004247708473060586
ENS_BPR__CDL_m_synth_aspect_wMean_0.5_0.5,0.0033366867873910124,0.00711520585501312,0.00711520585501312,0.002509998194723286,0.0037581130473820124,0.003733242313493768,0.0035602503912363064,0.004247708473060586,0.004247708473060586
ENS_BPR__HFT_s_synth_dense_wBorda_0.3_0.7,0.0036510731052984574,0.007070958891752071,0.007070958891752071,0.002805436618415364,0.003980557372112937,0.0039534152147582486,0.004929577464788732,0.006026436396154706,0.006026436396154706
ENS_BPR__HFT_s_synth_aspect_wBorda_0.3_0.7,0.003472222222222222,0.006961971634877491,0.006961971634877491,0.002280283345537543,0.0036694298507606938,0.0036435296504149597,0.0025821596244131454,0.003809430658022207,0.003809430658022207
ENS_BPR__HFT_m_synth_aspect_wBorda_0.3_0.7,0.0037852112676056344,0.0069116698240123,0.0069116698240123,0.002625801356568483,0.0037162302319504728,0.003690330031604738,0.0031690140845070424,0.004068857589984351,0.004068857589984351
ENS_MF__BPR_wMean_0.1_0.9,0.0027582159624413146,0.006905320813771518,0.006905320813771518,0.002161101378918729,0.0035895849635082704,0.0035895849635082704,0.0022496087636932707,0.0031769319621432293,0.0031769319621432293
ENS_MF__BPR_wMean_0.3_0.7,0.0027582159624413146,0.006905320813771518,0.006905320813771518,0.002161101378918729,0.0035895849635082704,0.0035895849635082704,0.0022496087636932707,0.0031769319621432293,0.0031769319621432293
ENS_BPR__HFT_s_synth_dense_wMean_0.7_0.3,0.0016627543035993742,0.006875978090766823,0.006875978090766823,0.0011689385405326178,0.0031508585084344715,0.0031508585084344715,0.001408450704225352,0.0027866271704299873,0.0027866271704299873
ENS_BPR__HFT_s_synth_dense_wMean_0.9_0.1,0.0016627543035993742,0.006875978090766823,0.006875978090766823,0.0011689385405326178,0.0031508585084344715,0.0031508585084344715,0.001408450704225352,0.0027866271704299873,0.0027866271704299873
ENS_BPR__ConvMF_meta_human_mean,0.0019561815336463224,0.00679773082942097,0.00679773082942097,0.001755960923933216,0.0033170035155244224,0.0033170035155244224,0.00297339593114241,0.0038112936880542515,0.0038112936880542515
ENS_BPR__ConvMF_meta_human_wMean_0.5_0.5,0.0019561815336463224,0.00679773082942097,0.00679773082942097,0.001755960923933216,0.0033170035155244224,0.0033170035155244224,0.00297339593114241,0.0038112936880542515,0.0038112936880542515
ENS_BPR__HFT_l_synth_aspect_rrf_k120,0.004600286906624934,0.006755175301320594,0.006755175301320594,0.0037638765945268013,0.004576439292733741,0.00454579172390812,0.005320813771517997,0.006156848498397794,0.006156848498397794
ENS_BPR__HFT_l_synth_aspect_rrf_k60,0.004600286906624934,0.006755175301320594,0.006755175301320594,0.0037638765945268013,0.004576439292733741,0.00454579172390812,0.005320813771517997,0.006156848498397794,0.006156848498397794
ENS_BPR__HFT_l_synth_aspect_rrf_k90,0.004600286906624934,0.006755175301320594,0.006755175301320594,0.0037638765945268013,0.004576439292733741,0.00454579172390812,0.005320813771517997,0.006156848498397794,0.006156848498397794
ENS_BPR__CTR_s_synth_dense_mean,0.0019561815336463224,0.00671279136809159,0.00671279136809159,0.0022914406080270827,0.003946592322069122,0.0039159447532435,0.0035211267605633804,0.004502477829942619,0.004502477829942619
ENS_BPR__CTR_s_synth_dense_wMean_0.5_0.5,0.0019561815336463224,0.00671279136809159,0.00671279136809159,0.0022914406080270827,0.003946592322069122,0.0039159447532435,0.0035211267605633804,0.004502477829942619,0.004502477829942619
ENS_BPR__HFT_l_synth_aspect_rrf_k10,0.004740308321664881,0.006637804409301814,0.006637804409301814,0.004101115367829114,0.0045985720316086805,0.00456528775643343,0.006083724569640063,0.006515481779566286,0.006515481779566286
ENS_BPR__ConvMF_m_synth_aspect_wBorda_0.3_0.7,0.0034361872992340003,0.0065567626029078944,0.0065567626029078944,0.00209453531918386,0.0032008187984412548,0.0031357951774701994,0.0022887323943661967,0.0031885758998435056,0.0031885758998435056
ENS_BPR__HFT_s_synth_aspect_mean,0.002477829942618675,0.006488002086593636,0.006488002086593636,0.0017878916257990092,0.003145676386834242,0.003145676386834242,0.0021517996870109544,0.002961751993442134,0.002961751993442134
ENS_BPR__HFT_s_synth_aspect_wMean_0.5_0.5,0.002477829942618675,0.006488002086593636,0.006488002086593636,0.0017878916257990092,0.003145676386834242,0.003145676386834242,0.0021517996870109544,0.002961751993442134,0.002961751993442134
ENS_BPR__HFT_all_reviews_text_wMean_0.7_0.3,0.003032081377151799,0.0064880020865936356,0.0064880020865936356,0.00174798911881757,0.0030022310034311392,0.0030022310034311392,0.0022300469483568074,0.003005533199195171,0.003005533199195171
ENS_BPR__HFT_all_reviews_text_wMean_0.9_0.1,0.003032081377151799,0.0064880020865936356,0.0064880020865936356,0.00174798911881757,0.0030022310034311392,0.0030022310034311392,0.0022300469483568074,0.003005533199195171,0.003005533199195171
HFT_s_synth_dense,0.0023306505700871898,0.0064386317907444675,0.03144112548764143,0.002019137606013718,0.003139999461846574,0.008934026657453917,0.004049295774647887,0.004582122363812505,0.006143102419914858
ENS_BPR__ConvMF_s_synth_dense_wBorda_0.3_0.7,0.002650625978090767,0.0064030626252642555,0.0064030626252642555,0.0021843578821058927,0.003500495441387725,0.0034756247074994805,0.0037558685446009384,0.004890453834115805,0.004890453834115805
ENS_BPR__ConvMF_s_synth_aspect_wBorda_0.3_0.7,0.0030223004694835682,0.006378205882468299,0.006378205882468299,0.0019095128623434956,0.003268108650251282,0.0032150662925508593,0.0019953051643192485,0.0030921640956852224,0.0030921640956852224
HFT_m_synth_dense,0.0029147104851330197,0.006240219092331768,0.027176992934035187,0.0021222180770330405,0.0032279626337805714,0.008109852451205844,0.003423317683881064,0.00396918548326999,0.005342483264849293
ENS_BPR__HFT_meta_only_mean,0.003325508607198748,0.006231835457187571,0.006231835457187571,0.002015703950739944,0.0031396157155534465,0.0031396157155534465,0.0024647887323943664,0.0033478649675832777,0.0033478649675832777
ENS_BPR__HFT_meta_only_wMean_0.5_0.5,0.003325508607198748,0.006231835457187571,0.006231835457187571,0.002015703950739944,0.0031396157155534465,0.0031396157155534465,0.0024647887323943664,0.0033478649675832777,0.0033478649675832777
ENS_BPR__HFT_l_synth_dense_mean,0.002582159624413146,0.006201095461658842,0.006201095461658842,0.0013894860174699303,0.002598496689257544,0.002598496689257544,0.001408450704225352,0.0020735524256651015,0.0020735524256651015
ENS_BPR__HFT_l_synth_dense_wMean_0.5_0.5,0.002582159624413146,0.006201095461658842,0.006201095461658842,0.0013894860174699303,0.002598496689257544,0.002598496689257544,0.001408450704225352,0.0020735524256651015,0.0020735524256651015
ENS_BPR__HFT_s_synth_aspect_wMean_0.7_0.3,0.003553729786124152,0.006116327595200835,0.006116327595200835,0.002106825099634767,0.0031462847679619597,0.0031462847679619597,0.0021713615023474177,0.0031410686340263808,0.0031410686340263808
ENS_BPR__HFT_s_synth_aspect_wMean_0.9_0.1,0.003553729786124152,0.006116327595200835,0.006116327595200835,0.002106825099634767,0.0031462847679619597,0.0031462847679619597,0.0021713615023474177,0.0031410686340263808,0.0031410686340263808
ENS_BPR__HFT_meta_only_wBorda_0.1_0.9,0.001291079812206573,0.006067423056859676,0.006067423056859676,0.0009916854674952877,0.0028676096131928703,0.0028676096131928703,0.0011737089201877935,0.002650625978090767,0.002650625978090767
ENS_BPR__ConvMF_s_synth_aspect_wMean_0.7_0.3,0.0029342723004694834,0.005927230046948358,0.005927230046948358,0.0021926378712919642,0.0033288709864161066,0.0033288709864161066,0.001995305164319249,0.0027614762649973918,0.0027614762649973918
ENS_BPR__ConvMF_s_synth_aspect_wMean_0.9_0.1,0.0029342723004694834,0.005927230046948358,0.005927230046948358,0.0021926378712919642,0.0033288709864161066,0.0033288709864161066,0.001995305164319249,0.0027614762649973918,0.0027614762649973918
ENS_BPR__ConvMF_s_synth_aspect_mean,0.0035211267605633804,0.005868544600938967,0.005868544600938967,0.0020598360018489383,0.002854765415404507,0.002854765415404507,0.0017996870109546165,0.002194183620239958,0.002194183620239958
ENS_BPR__ConvMF_s_synth_aspect_wMean_0.5_0.5,0.0035211267605633804,0.005868544600938967,0.005868544600938967,0.0020598360018489383,0.002854765415404507,0.002854765415404507,0.0017996870109546165,0.002194183620239958,0.002194183620239958
ENS_BPR__HFT_l_synth_dense_wBorda_0.1_0.9,0.003051643192488263,0.005850380058126536,0.005850380058126536,0.0018710569000574078,0.0029511418745907588,0.0029511418745907588,0.0022300469483568074,0.003388385870780237,0.003388385870780237
ENS_BPR__HFT_s_synth_dense_wBorda_0.1_0.9,0.0023306505700871898,0.005705063715627096,0.005705063715627096,0.002019137606013718,0.003028021315315966,0.003028021315315966,0.004049295774647887,0.004725575676279901,0.004725575676279901
HFT_meta_only,0.001291079812206573,0.005627282211789254,0.03042840375586854,0.0009916854674952877,0.0026436602216270227,0.008860013362963711,0.0011737089201877935,0.002415884194053208,0.004325649362319441
ENS_BPR__HFT_l_synth_aspect_rrf_k30,0.0033709812481124563,0.005464095489114021,0.005464095489114021,0.0028248462050668023,0.0035289836751141793,0.0034956993999389293,0.0047339593114241,0.005390677397719651,0.005390677397719651
ENS_BPR__HFT_m_synth_aspect_wBorda_0.1_0.9,0.002171361502347418,0.005389280125195618,0.005389280125195618,0.0016876175375738125,0.00276816378394692,0.00276816378394692,0.0022496087636932707,0.003035341679707877,0.003035341679707877
ENS_BPR__HFT_l_synth_aspect_wBorda_0.3_0.7,0.001613849765258216,0.005238245439320309,0.005238245439320309,0.0010149884127146232,0.002426389456506168,0.002396170065341572,0.0011737089201877935,0.002337636932707355,0.002337636932707355
ENS_BPR__HFT_s_synth_aspect_wBorda_0.1_0.9,0.0020260451598479766,0.00520484015202325,0.00520484015202325,0.001439371218686364,0.002599624163587053,0.002599624163587053,0.0017018779342723004,0.002582159624413146,0.002582159624413146
ENS_BPR__ConvMF_meta_only_wBorda_0.3_0.7,0.001809467918622848,0.005131544628394147,0.005131544628394147,0.0014130637710169894,0.0026517604686350153,0.002625860268289281,0.0023474178403755865,0.0034070161711006785,0.0034070161711006785
ENS_BPR__HFT_meta_human_wMean_0.7_0.3,0.004988262910798122,0.00511867501304121,0.00511867501304121,0.0033818796780482534,0.0034616254537739462,0.0034616254537739462,0.0034624413145539906,0.0035798122065727697,0.0035798122065727697
ENS_BPR__HFT_meta_human_wMean_0.9_0.1,0.004988262910798122,0.00511867501304121,0.00511867501304121,0.0033818796780482534,0.0034616254537739462,0.0034616254537739462,0.0034624413145539906,0.0035798122065727697,0.0035798122065727697
ENS_MF__BPR_mean,0.0029342723004694834,0.005105633802816901,0.005105633802816901,0.0016872105046410641,0.0024932629505278973,0.0024932629505278973,0.0013693270735524255,0.0019594418362023996,0.0019594418362023996
ENS_MF__BPR_wMean_0.5_0.5,0.0029342723004694834,0.005105633802816901,0.005105633802816901,0.0016872105046410641,0.0024932629505278973,0.0024932629505278973,0.0013693270735524255,0.0019594418362023996,0.0019594418362023996
ENS_BPR__ConvMF_l_synth_aspect_wBorda_0.3_0.7,0.0017442618675013043,0.00487072042390797,0.00487072042390797,0.0011864301378821187,0.002300272588785933,0.0022754018548976885,0.0014671361502347415,0.00236697965571205,0.00236697965571205
ENS_BPR__ConvMF_m_synth_dense_mean,0.0017605633802816902,0.0048415492957746475,0.0048415492957746475,0.0010739308126522576,0.0021665430252364747,0.0021665430252364747,0.0011737089201877935,0.0018499888218198076,0.0018499888218198076
ENS_BPR__ConvMF_m_synth_dense_wMean_0.5_0.5,0.0017605633802816902,0.0048415492957746475,0.0048415492957746475,0.0010739308126522576,0.0021665430252364747,0.0021665430252364747,0.0011737089201877935,0.0018499888218198076,0.0018499888218198076
ENS_BPR__ConvMF_all_reviews_text_wBorda_0.3_0.7,0.001613849765258216,0.004740308321664881,0.004740308321664881,0.0010149884127146232,0.0021845505547990044,0.0021586503544532704,0.0011737089201877935,0.0020865936358894104,0.0020865936358894104
HFT_l_synth_dense,0.003051643192488263,0.004725575676279901,0.029174584544302856,0.0018710569000574078,0.002609494405324449,0.008629740796929141,0.0022300469483568074,0.0031275616662940603,0.004911591496815308
ENS_BPR__ConvMF_s_synth_dense_mean,0.0017605633802816902,0.004694835680751174,0.004694835680751174,0.0016277615108386638,0.0025473873624808465,0.0025473873624808465,0.0017605633802816902,0.0021550599895670316,0.0021550599895670316
ENS_BPR__ConvMF_s_synth_dense_wMean_0.5_0.5,0.0017605633802816902,0.004694835680751174,0.004694835680751174,0.0016277615108386638,0.0025473873624808465,0.0025473873624808465,0.0017605633802816902,0.0021550599895670316,0.0021550599895670316
ENS_BPR__HFT_s_synth_dense_mean,0.0025430359937402194,0.004597026604068858,0.004597026604068858,0.001837780679566777,0.00250453611844709,0.00250453611844709,0.0022496087636932707,0.002614762649973917,0.002614762649973917
ENS_BPR__HFT_s_synth_dense_wMean_0.5_0.5,0.0025430359937402194,0.004597026604068858,0.004597026604068858,0.001837780679566777,0.00250453611844709,0.00250453611844709,0.0022496087636932707,0.002614762649973917,0.002614762649973917
ENS_BPR__VAECF_wMean_0.7_0.3,0.003043259557344064,0.00455841107249558,0.00455841107249558,0.0033329953793204917,0.0038259940126905497,0.003821280353762058,0.006357589984350547,0.00675208659363589,0.00675208659363589
ENS_BPR__VAECF_wMean_0.9_0.1,0.003043259557344064,0.00455841107249558,0.00455841107249558,0.0033329953793204917,0.0038259940126905497,0.003821280353762058,0.006357589984350547,0.00675208659363589,0.00675208659363589
ENS_BPR__ConvMF_m_synth_dense_wBorda_0.1_0.9,0.0021517996870109544,0.00443075117370892,0.00443075117370892,0.0014864525489338737,0.0024118408037182085,0.0024118408037182085,0.002288732394366197,0.0030581637976004167,0.0030581637976004167
ENS_BPR__HFT_all_reviews_text_mean,0.0018583724569640062,0.004205790297339593,0.004205790297339593,0.0015429041699198795,0.00222146010024356,0.00222146010024356,0.002288732394366197,0.0025234741784037557,0.0025234741784037557
ENS_BPR__HFT_all_reviews_text_wMean_0.5_0.5,0.0018583724569640062,0.004205790297339593,0.004205790297339593,0.0015429041699198795,0.00222146010024356,0.00222146010024356,0.002288732394366197,0.0025234741784037557,0.0025234741784037557
ConvMF_m_synth_dense,0.0021517996870109544,0.004121022430881586,0.013716387016053436,0.0014864525489338737,0.002264286760812669,0.004738950959117436,0.002288732394366197,0.0029147104851330206,0.003626288242872945
HFT_m_synth_aspect,0.002171361502347418,0.003971048513302035,0.03115807417605046,0.0016876175375738125,0.0022944583403854955,0.008713106413211059,0.0022496087636932707,0.0026571465832029213,0.00436434555324617
ENS_BPR__ConvMF_s_synth_dense_wBorda_0.1_0.9,0.0010367762128325507,0.003961267605633803,0.003961267605633803,0.0012446410933719216,0.0023167226090972395,0.0023167226090972395,0.002836463223787167,0.003838773381026902,0.003838773381026902
HFT_s_synth_aspect,0.0020260451598479766,0.003721402489008122,0.028934547832805798,0.001439371218686364,0.0020987485295266054,0.008435579753530582,0.0017018779342723004,0.0023082942097026604,0.0040379886193681646
ENS_BPR__ConvMF_m_synth_aspect_wBorda_0.1_0.9,0.0018223375339757844,0.003687696353559956,0.003687696353559956,0.0011585791877285713,0.0018580989739384213,0.0017828276087446134,0.0012715179968701095,0.001947797898502124,0.001947797898502124
ENS_BPR__ConvMF_s_synth_dense_wMean_0.7_0.3,0.0017605633802816902,0.0036515388628064684,0.0036515388628064684,0.0014521099915132585,0.002193125655148926,0.002193125655148926,0.001408450704225352,0.001902153662717043,0.001902153662717043
ENS_BPR__ConvMF_s_synth_dense_wMean_0.9_0.1,0.0017605633802816902,0.0036515388628064684,0.0036515388628064684,0.0014521099915132585,0.002193125655148926,0.002193125655148926,0.001408450704225352,0.001902153662717043,0.001902153662717043
ENS_BPR__ConvMF_s_synth_aspect_wBorda_0.1_0.9,0.0015761234071093228,0.003251747326061633,0.003251747326061633,0.0010659661747963684,0.0017094160734282405,0.0016787685046026192,0.0011150234741784037,0.0017018779342723007,0.0017018779342723007
ENS_BPR__ConvMF_meta_only_mean,0.0011737089201877935,0.0027386541471048514,0.0027386541471048514,0.0007324536619763355,0.001286316477461446,0.001286316477461446,0.0008215962441314554,0.0011359825620389,0.0011359825620389
ENS_BPR__ConvMF_meta_only_wMean_0.5_0.5,0.0011737089201877935,0.0027386541471048514,0.0027386541471048514,0.0007324536619763355,0.001286316477461446,0.001286316477461446,0.0008215962441314554,0.0011359825620389,0.0011359825620389
ENS_BPR__ConvMF_m_synth_dense_wMean_0.7_0.3,0.0013204225352112676,0.00272887323943662,0.00272887323943662,0.0009630293808027471,0.0014801776682513519,0.0014801776682513519,0.0012715179968701095,0.0017032752067963335,0.0017032752067963335
ENS_BPR__ConvMF_m_synth_dense_wMean_0.9_0.1,0.0013204225352112676,0.00272887323943662,0.00272887323943662,0.0009630293808027471,0.0014801776682513519,0.0014801776682513519,0.0012715179968701095,0.0017032752067963335,0.0017032752067963335
ENS_BPR__HFT_l_synth_aspect_wBorda_0.1_0.9,0.0,0.00269864134300754,0.00269864134300754,0.0,0.0010773544704953148,0.001072373822066749,0.0,0.0008732953275206795,0.0008732953275206795
ENS_BPR__ConvMF_all_reviews_text_mean,0.0007824726134585289,0.0026604068857589984,0.0026604068857589984,0.0006254943158183662,0.0013082977405490105,0.0013082977405490105,0.0008802816901408451,0.0013399843505477308,0.0013399843505477308
ENS_BPR__ConvMF_all_reviews_text_wMean_0.5_0.5,0.0007824726134585289,0.0026604068857589984,0.0026604068857589984,0.0006254943158183662,0.0013082977405490105,0.0013082977405490105,0.0008802816901408451,0.0013399843505477308,0.0013399843505477308
ENS_BPR__ConvMF_meta_only_wBorda_0.1_0.9,0.00019561815336463222,0.0025919405320813773,0.0025919405320813773,0.00039807535830236636,0.0012703289858511312,0.0012703289858511312,0.0011737089201877935,0.0018779342723004697,0.0018779342723004697
ENS_BPR__ConvMF_l_synth_aspect_mean,0.0011737089201877935,0.002347417840375587,0.002347417840375587,0.0007324536619763355,0.0011027176018656886,0.0011027176018656886,0.0008215962441314554,0.0009683098591549295,0.0009683098591549295
ENS_BPR__ConvMF_l_synth_aspect_wMean_0.5_0.5,0.0011737089201877935,0.002347417840375587,0.002347417840375587,0.0007324536619763355,0.0011027176018656886,0.0011027176018656886,0.0008215962441314554,0.0009683098591549295,0.0009683098591549295
ConvMF_s_synth_dense,0.0010367762128325507,0.002347417840375587,0.03555038141305747,0.0012446410933719216,0.0017493055291718017,0.009605049336542206,0.002836463223787167,0.0034768797973023322,0.005582276552114592
HFT_l_synth_aspect,0.0,0.002258500497937118,0.022136393587468457,0.0,0.0008360110258710143,0.005605421734100454,0.0,0.0005994299128101945,0.0019169936350817026
ENS_BPR__ConvMF_meta_only_wMean_0.7_0.3,0.00039123630672926443,0.0021517996870109544,0.0021517996870109544,0.0002372151954231779,0.0010552156318226276,0.0010552156318226276,0.00029342723004694836,0.0010526119681049258,0.0010526119681049258
ENS_BPR__ConvMF_meta_only_wMean_0.9_0.1,0.00039123630672926443,0.0021517996870109544,0.0021517996870109544,0.0002372151954231779,0.0010552156318226276,0.0010552156318226276,0.00029342723004694836,0.0010526119681049258,0.0010526119681049258
ConvMF_m_synth_aspect,0.0018223375339757844,0.00207384658830174,0.03556024254689933,0.0011585791877285713,0.0012774775641522804,0.009299944287726639,0.0012715179968701095,0.0015565615917728594,0.003974430182079391
ENS_BPR__ConvMF_l_synth_aspect_wBorda_0.1_0.9,0.00013041210224308815,0.0017442618675013043,0.0017442618675013043,0.00019903767915118318,0.0007185589387852518,0.0007185589387852518,0.00039123630672926443,0.0007824726134585291,0.0007824726134585291
ConvMF_s_synth_aspect,0.0015761234071093228,0.0016378975608034169,0.010901814395142786,0.0010659661747963684,0.0011287946636420998,0.0032383227785489836,0.0011150234741784037,0.001310641627543036,0.0018888078932614658
ENS_BPR__ConvMF_all_reviews_text_wBorda_0.1_0.9,0.0,0.001613849765258216,0.001613849765258216,0.0,0.0005806214097861407,0.0005806214097861407,0.0,0.00039123630672926443,0.00039123630672926443
ConvMF_meta_only,0.00019561815336463222,0.0013693270735524255,0.006771476814100979,0.00039807535830236636,0.0008575343171776294,0.002392433373690531,0.0011737089201877935,0.0016171100678142932,0.002232384426240615
ENS_BPR__ConvMF_all_reviews_text_wMean_0.7_0.3,0.00031298904538341156,0.0005703813524421382,0.0005703813524421382,0.000405154157566748,0.0005175535667215965,0.0004904114093669084,0.0008215962441314554,0.0011150234741784037,0.0011150234741784037
ENS_BPR__ConvMF_all_reviews_text_wMean_0.9_0.1,0.00031298904538341156,0.0005703813524421382,0.0005703813524421382,0.000405154157566748,0.0005175535667215965,0.0004904114093669084,0.0008215962441314554,0.0011150234741784037,0.0011150234741784037
ConvMF_l_synth_aspect,0.00013041210224308815,0.00013041210224308815,0.0017015347445295554,0.00019903767915118318,0.00013793752899911112,0.0007140806852643312,0.00039123630672926443,0.00039123630672926443,0.000746157505047005
ConvMF_all_reviews_text,0.0,0.0,0.005528412366811181,0.0,0.0,0.0015321177727420207,0.0,0.0,0.000652343519339933
ENS_BPR__ConvMF_l_synth_aspect_wMean_0.7_0.3,0.0,0.0,0.0,0.0,0.0,0.0,0.0,0.0,0.0
ENS_BPR__ConvMF_l_synth_aspect_wMean_0.9_0.1,0.0,0.0,0.0,0.0,0.0,0.0,0.0,0.0,0.0
